{
  "times": {
    "make_fps": 80.58951772004366,
    "fit_subset_gp": 41.86320429109037,
    "eval_subset_gp": {
      "0;5000": 65.9372102804482
    },
    "make_random_features_train": 661.9441687781364,
    "make_random_features_test": 115.77903738617897,
    "rfgp_predictions": 117.69351995922625
  },
  "metrics": {
    "eval_subset_gp": {
      "0;5000": {
        "R2": 0.8161905597460644,
        "avg_log_prob": -0.9407324342712226,
        "mae": 0.34021290291570144,
        "mse": 0.1897413275401099
      }
    },
    "rfgp": {
      "R2": 0.8506987264613886,
      "avg_log_prob": -0.5136230395058667,
      "mae": 0.30180860616922817,
      "mse": 0.15411951532798737
    }
  },
  "args": {
    "logfile": "results/regression/M5000/countTrue/F2/rfgp-normalize-T_DP-2.log",
    "output_json": "results/regression/M5000/countTrue/F2/rfgp-normalize-T_DP-2.json",
    "seed": 2,
    "num_jobs": 1,
    "dataset": "dockstring",
    "target": "F2",
    "fp_dim": 1024,
    "binary_fps": false,
    "kernel": "T_DP",
    "num_exact_fit": 5000,
    "eval_rsgp": true,
    "rsgp_subset_sizes": [
      5000
    ],
    "fit_svgp": false,
    "svgp_num_inducing_points": 100,
    "svgp_inducing_init": "kmeans",
    "svgp_pretrain_num_steps": 100,
    "svgp_pretrain_batch_size": 4096,
    "svgp_pretrain_lr": 0.1,
    "svgp_pretrain_eval_interval": 100,
    "svgp_num_steps": 50000,
    "svgp_batch_size": 256,
    "svgp_lr": 0.001,
    "svgp_eval_interval": 1000,
    "fit_rfgp": true,
    "num_random_features": 5000,
    "tdp_bias_correction": "normalize",
    "tmm_distribution": "Rademacher"
  },
  "data_shapes": {
    "train": [
      221269,
      1024
    ],
    "test": [
      38881,
      1024
    ]
  },
  "gp_hparams": {
    "outputscale": 0.4734974767662301,
    "noise": 0.10864378257082687,
    "mean": -6.425107850365985
  }
}