{
  "times": {
    "make_fps": 84.52336014248431,
    "fit_subset_gp": 52.29629443027079,
    "eval_subset_gp": {
      "0;5000": 86.48027205094695
    },
    "make_random_features_train": 706.9441924802959,
    "make_random_features_test": 109.58508753404021,
    "rfgp_predictions": 97.03700661286712
  },
  "metrics": {
    "eval_subset_gp": {
      "0;5000": {
        "R2": 0.8162061778846361,
        "avg_log_prob": -0.9375034208622651,
        "mae": 0.3397618343357011,
        "mse": 0.18972520537390222
      }
    },
    "rfgp": {
      "R2": 0.8522769251783271,
      "avg_log_prob": -0.5151546181535813,
      "mae": 0.2999672458940486,
      "mse": 0.15249038507624224
    }
  },
  "args": {
    "logfile": "results/regression/M5000/countTrue/F2/rfgp-normalize-T_DP-5.log",
    "output_json": "results/regression/M5000/countTrue/F2/rfgp-normalize-T_DP-5.json",
    "seed": 5,
    "num_jobs": 1,
    "dataset": "dockstring",
    "target": "F2",
    "fp_dim": 1024,
    "binary_fps": false,
    "kernel": "T_DP",
    "num_exact_fit": 5000,
    "eval_rsgp": true,
    "rsgp_subset_sizes": [
      5000
    ],
    "fit_svgp": false,
    "svgp_num_inducing_points": 100,
    "svgp_inducing_init": "kmeans",
    "svgp_pretrain_num_steps": 100,
    "svgp_pretrain_batch_size": 4096,
    "svgp_pretrain_lr": 0.1,
    "svgp_pretrain_eval_interval": 100,
    "svgp_num_steps": 50000,
    "svgp_batch_size": 256,
    "svgp_lr": 0.001,
    "svgp_eval_interval": 1000,
    "fit_rfgp": true,
    "num_random_features": 5000,
    "tdp_bias_correction": "normalize",
    "tmm_distribution": "Rademacher"
  },
  "data_shapes": {
    "train": [
      221269,
      1024
    ],
    "test": [
      38881,
      1024
    ]
  },
  "gp_hparams": {
    "outputscale": 0.4460468045062463,
    "noise": 0.10399237192712427,
    "mean": -6.5126610944008565
  }
}