{
  "times": {
    "make_fps": 86.93697099015117,
    "fit_subset_gp": 131.69235573522747,
    "eval_subset_gp": {
      "0;5000": 434.68441388756037
    },
    "make_random_features_train": 2346.9981053955853,
    "make_random_features_test": 342.8454631473869,
    "rfgp_predictions": 86.45412474125624
  },
  "metrics": {
    "eval_subset_gp": {
      "0;5000": {
        "R2": 0.80903253052678,
        "avg_log_prob": -0.9468102370340753,
        "mae": 0.3437655626167001,
        "mse": 0.19713036025116956
      }
    },
    "rfgp": {
      "R2": 0.8375874945275426,
      "avg_log_prob": -0.6474665258118154,
      "mae": 0.3165693120185338,
      "mse": 0.16765387215632752
    }
  },
  "args": {
    "logfile": "results/regression/M5000/countTrue/F2/rfgp-Rademacher-T_MM-5.log",
    "output_json": "results/regression/M5000/countTrue/F2/rfgp-Rademacher-T_MM-5.json",
    "seed": 5,
    "num_jobs": 6,
    "dataset": "dockstring",
    "target": "F2",
    "fp_dim": 1024,
    "binary_fps": false,
    "kernel": "T_MM",
    "num_exact_fit": 5000,
    "eval_rsgp": true,
    "rsgp_subset_sizes": [
      5000
    ],
    "fit_svgp": false,
    "svgp_num_inducing_points": 100,
    "svgp_inducing_init": "kmeans",
    "svgp_pretrain_num_steps": 100,
    "svgp_pretrain_batch_size": 4096,
    "svgp_pretrain_lr": 0.1,
    "svgp_pretrain_eval_interval": 100,
    "svgp_num_steps": 50000,
    "svgp_batch_size": 256,
    "svgp_lr": 0.001,
    "svgp_eval_interval": 1000,
    "fit_rfgp": true,
    "num_random_features": 5000,
    "tdp_bias_correction": "normalize",
    "tmm_distribution": "Rademacher"
  },
  "data_shapes": {
    "train": [
      221269,
      1024
    ],
    "test": [
      38881,
      1024
    ]
  },
  "gp_hparams": {
    "outputscale": 0.3630063048895296,
    "noise": 0.086979454661026,
    "mean": -6.45237591779007
  }
}