{
  "times": {
    "make_fps": 93.23670610785484,
    "fit_subset_gp": 67.49039709568024,
    "eval_subset_gp": {
      "0;5000": 88.32983236946166
    },
    "make_random_features_train": 767.3762274812907,
    "make_random_features_test": 121.46349076554179,
    "rfgp_predictions": 98.41627310030162
  },
  "metrics": {
    "eval_subset_gp": {
      "0;5000": {
        "R2": 0.8180715017750537,
        "avg_log_prob": -0.9410609295583894,
        "mae": 0.33798689722885866,
        "mse": 0.18779968386221504
      }
    },
    "rfgp": {
      "R2": 0.8524421621036694,
      "avg_log_prob": -0.5159976297761049,
      "mae": 0.30029167319905525,
      "mse": 0.15231981563470665
    }
  },
  "args": {
    "logfile": "results/regression/M5000/countTrue/F2/rfgp-none-T_DP-1.log",
    "output_json": "results/regression/M5000/countTrue/F2/rfgp-none-T_DP-1.json",
    "seed": 1,
    "num_jobs": 1,
    "dataset": "dockstring",
    "target": "F2",
    "fp_dim": 1024,
    "binary_fps": false,
    "kernel": "T_DP",
    "num_exact_fit": 5000,
    "eval_rsgp": true,
    "rsgp_subset_sizes": [
      5000
    ],
    "fit_svgp": false,
    "svgp_num_inducing_points": 100,
    "svgp_inducing_init": "kmeans",
    "svgp_pretrain_num_steps": 100,
    "svgp_pretrain_batch_size": 4096,
    "svgp_pretrain_lr": 0.1,
    "svgp_pretrain_eval_interval": 100,
    "svgp_num_steps": 50000,
    "svgp_batch_size": 256,
    "svgp_lr": 0.001,
    "svgp_eval_interval": 1000,
    "fit_rfgp": true,
    "num_random_features": 5000,
    "tdp_bias_correction": "none",
    "tmm_distribution": "Rademacher"
  },
  "data_shapes": {
    "train": [
      221269,
      1024
    ],
    "test": [
      38881,
      1024
    ]
  },
  "gp_hparams": {
    "outputscale": 0.4886449556105254,
    "noise": 0.10317597569608146,
    "mean": -6.345418801172463
  }
}