{
  "times": {
    "make_fps": 84.1059211473912,
    "fit_subset_gp": 135.75020726397634,
    "eval_subset_gp": {
      "0;5000": 421.72845039889216
    },
    "make_random_features_train": 2657.479588855058,
    "make_random_features_test": 389.6181720737368,
    "rfgp_predictions": 134.24364037439227
  },
  "metrics": {
    "eval_subset_gp": {
      "0;5000": {
        "R2": 0.8132361496791922,
        "avg_log_prob": -0.9513198815089139,
        "mae": 0.3405962079007893,
        "mse": 0.1927910821523417
      }
    },
    "rfgp": {
      "R2": 0.8378930714136863,
      "avg_log_prob": -0.6678784618077802,
      "mae": 0.31637103607385136,
      "mse": 0.16733843371115079
    }
  },
  "args": {
    "logfile": "results/regression/M5000/countTrue/F2/rfgp-Rademacher-T_MM-1.log",
    "output_json": "results/regression/M5000/countTrue/F2/rfgp-Rademacher-T_MM-1.json",
    "seed": 1,
    "num_jobs": 6,
    "dataset": "dockstring",
    "target": "F2",
    "fp_dim": 1024,
    "binary_fps": false,
    "kernel": "T_MM",
    "num_exact_fit": 5000,
    "eval_rsgp": true,
    "rsgp_subset_sizes": [
      5000
    ],
    "fit_svgp": false,
    "svgp_num_inducing_points": 100,
    "svgp_inducing_init": "kmeans",
    "svgp_pretrain_num_steps": 100,
    "svgp_pretrain_batch_size": 4096,
    "svgp_pretrain_lr": 0.1,
    "svgp_pretrain_eval_interval": 100,
    "svgp_num_steps": 50000,
    "svgp_batch_size": 256,
    "svgp_lr": 0.001,
    "svgp_eval_interval": 1000,
    "fit_rfgp": true,
    "num_random_features": 5000,
    "tdp_bias_correction": "normalize",
    "tmm_distribution": "Rademacher"
  },
  "data_shapes": {
    "train": [
      221269,
      1024
    ],
    "test": [
      38881,
      1024
    ]
  },
  "gp_hparams": {
    "outputscale": 0.4095182446923412,
    "noise": 0.08280824367774826,
    "mean": -6.241919779198505
  }
}