{
  "times": {
    "make_fps": 113.62078019604087,
    "fit_subset_gp": 167.78546950407326,
    "eval_subset_gp": {
      "0;5000": 361.9931381419301
    },
    "make_random_features_train": 2458.772082321346,
    "make_random_features_test": 377.60146464779973,
    "rfgp_predictions": 138.27819491922855
  },
  "metrics": {
    "eval_subset_gp": {
      "0;5000": {
        "R2": 0.8108743131358358,
        "avg_log_prob": -0.9520242278880338,
        "mae": 0.34307283132238753,
        "mse": 0.19522913974367143
      }
    },
    "rfgp": {
      "R2": 0.8365574730151252,
      "avg_log_prob": -0.686020935615794,
      "mae": 0.31729871033070434,
      "mse": 0.16871713446152217
    }
  },
  "args": {
    "logfile": "results/regression/M5000/countTrue/F2/rfgp-Gaussian-T_MM-3.log",
    "output_json": "results/regression/M5000/countTrue/F2/rfgp-Gaussian-T_MM-3.json",
    "seed": 3,
    "num_jobs": 6,
    "dataset": "dockstring",
    "target": "F2",
    "fp_dim": 1024,
    "binary_fps": false,
    "kernel": "T_MM",
    "num_exact_fit": 5000,
    "eval_rsgp": true,
    "rsgp_subset_sizes": [
      5000
    ],
    "fit_svgp": false,
    "svgp_num_inducing_points": 100,
    "svgp_inducing_init": "kmeans",
    "svgp_pretrain_num_steps": 100,
    "svgp_pretrain_batch_size": 4096,
    "svgp_pretrain_lr": 0.1,
    "svgp_pretrain_eval_interval": 100,
    "svgp_num_steps": 50000,
    "svgp_batch_size": 256,
    "svgp_lr": 0.001,
    "svgp_eval_interval": 1000,
    "fit_rfgp": true,
    "num_random_features": 5000,
    "tdp_bias_correction": "normalize",
    "tmm_distribution": "Gaussian"
  },
  "data_shapes": {
    "train": [
      221269,
      1024
    ],
    "test": [
      38881,
      1024
    ]
  },
  "gp_hparams": {
    "outputscale": 0.4054523941719784,
    "noise": 0.08111312242420787,
    "mean": -6.324865233605773
  }
}