{
  "times": {
    "make_fps": 94.31251677684486,
    "fit_subset_gp": 47.70275458693504,
    "eval_subset_gp": {
      "0;5000": 62.91244821064174
    },
    "make_random_features_train": 795.5973862633109,
    "make_random_features_test": 122.01565756462514,
    "rfgp_predictions": 135.9529303330928
  },
  "metrics": {
    "eval_subset_gp": {
      "0;5000": {
        "R2": 0.8162061778846361,
        "avg_log_prob": -0.9375034208622651,
        "mae": 0.3397618343357011,
        "mse": 0.18972520537390222
      }
    },
    "rfgp": {
      "R2": 0.8524747802594701,
      "avg_log_prob": -0.51422147695396,
      "mae": 0.2996237610578363,
      "mse": 0.1522861448277286
    }
  },
  "args": {
    "logfile": "results/regression/M5000/countTrue/F2/rfgp-sketch_error-T_DP-5.log",
    "output_json": "results/regression/M5000/countTrue/F2/rfgp-sketch_error-T_DP-5.json",
    "seed": 5,
    "num_jobs": 1,
    "dataset": "dockstring",
    "target": "F2",
    "fp_dim": 1024,
    "binary_fps": false,
    "kernel": "T_DP",
    "num_exact_fit": 5000,
    "eval_rsgp": true,
    "rsgp_subset_sizes": [
      5000
    ],
    "fit_svgp": false,
    "svgp_num_inducing_points": 100,
    "svgp_inducing_init": "kmeans",
    "svgp_pretrain_num_steps": 100,
    "svgp_pretrain_batch_size": 4096,
    "svgp_pretrain_lr": 0.1,
    "svgp_pretrain_eval_interval": 100,
    "svgp_num_steps": 50000,
    "svgp_batch_size": 256,
    "svgp_lr": 0.001,
    "svgp_eval_interval": 1000,
    "fit_rfgp": true,
    "num_random_features": 5000,
    "tdp_bias_correction": "sketch_error",
    "tmm_distribution": "Rademacher"
  },
  "data_shapes": {
    "train": [
      221269,
      1024
    ],
    "test": [
      38881,
      1024
    ]
  },
  "gp_hparams": {
    "outputscale": 0.4460468045062463,
    "noise": 0.10399237192712427,
    "mean": -6.5126610944008565
  }
}