{
  "times": {
    "make_fps": 93.79361768253148,
    "fit_subset_gp": 74.54190494678915,
    "eval_subset_gp": {
      "0;5000": 67.21171330474317
    },
    "make_random_features_train": 783.3817018885165,
    "make_random_features_test": 113.16217887587845,
    "rfgp_predictions": 92.38325706869364
  },
  "metrics": {
    "eval_subset_gp": {
      "0;5000": {
        "R2": 0.8167704225453378,
        "avg_log_prob": -0.9408630782041947,
        "mae": 0.33934398964654994,
        "mse": 0.18914275144318438
      }
    },
    "rfgp": {
      "R2": 0.8524672828882711,
      "avg_log_prob": -0.5202783993814539,
      "mae": 0.3009129318363944,
      "mse": 0.15229388415364342
    }
  },
  "args": {
    "logfile": "results/regression/M5000/countTrue/F2/rfgp-sketch_error-T_DP-3.log",
    "output_json": "results/regression/M5000/countTrue/F2/rfgp-sketch_error-T_DP-3.json",
    "seed": 3,
    "num_jobs": 1,
    "dataset": "dockstring",
    "target": "F2",
    "fp_dim": 1024,
    "binary_fps": false,
    "kernel": "T_DP",
    "num_exact_fit": 5000,
    "eval_rsgp": true,
    "rsgp_subset_sizes": [
      5000
    ],
    "fit_svgp": false,
    "svgp_num_inducing_points": 100,
    "svgp_inducing_init": "kmeans",
    "svgp_pretrain_num_steps": 100,
    "svgp_pretrain_batch_size": 4096,
    "svgp_pretrain_lr": 0.1,
    "svgp_pretrain_eval_interval": 100,
    "svgp_num_steps": 50000,
    "svgp_batch_size": 256,
    "svgp_lr": 0.001,
    "svgp_eval_interval": 1000,
    "fit_rfgp": true,
    "num_random_features": 5000,
    "tdp_bias_correction": "sketch_error",
    "tmm_distribution": "Rademacher"
  },
  "data_shapes": {
    "train": [
      221269,
      1024
    ],
    "test": [
      38881,
      1024
    ]
  },
  "gp_hparams": {
    "outputscale": 0.480221464301514,
    "noise": 0.1012518787099996,
    "mean": -6.382399867758689
  }
}