{
  "times": {
    "make_fps": 94.25369874760509,
    "fit_subset_gp": 65.19779499061406,
    "eval_subset_gp": {
      "0;5000": 77.45487662404776
    },
    "make_random_features_train": 745.0667803455144,
    "make_random_features_test": 144.5197260826826,
    "rfgp_predictions": 86.12675374746323
  },
  "metrics": {
    "eval_subset_gp": {
      "0;5000": {
        "R2": 0.8182637321975688,
        "avg_log_prob": -0.9386922643456552,
        "mae": 0.33795290338963574,
        "mse": 0.1876012497909769
      }
    },
    "rfgp": {
      "R2": 0.8523009566315501,
      "avg_log_prob": -0.5078508736532614,
      "mae": 0.3003446997917251,
      "mse": 0.15246557808139505
    }
  },
  "args": {
    "logfile": "results/regression/M5000/countTrue/F2/rfgp-sketch_error-T_DP-4.log",
    "output_json": "results/regression/M5000/countTrue/F2/rfgp-sketch_error-T_DP-4.json",
    "seed": 4,
    "num_jobs": 1,
    "dataset": "dockstring",
    "target": "F2",
    "fp_dim": 1024,
    "binary_fps": false,
    "kernel": "T_DP",
    "num_exact_fit": 5000,
    "eval_rsgp": true,
    "rsgp_subset_sizes": [
      5000
    ],
    "fit_svgp": false,
    "svgp_num_inducing_points": 100,
    "svgp_inducing_init": "kmeans",
    "svgp_pretrain_num_steps": 100,
    "svgp_pretrain_batch_size": 4096,
    "svgp_pretrain_lr": 0.1,
    "svgp_pretrain_eval_interval": 100,
    "svgp_num_steps": 50000,
    "svgp_batch_size": 256,
    "svgp_lr": 0.001,
    "svgp_eval_interval": 1000,
    "fit_rfgp": true,
    "num_random_features": 5000,
    "tdp_bias_correction": "sketch_error",
    "tmm_distribution": "Rademacher"
  },
  "data_shapes": {
    "train": [
      221269,
      1024
    ],
    "test": [
      38881,
      1024
    ]
  },
  "gp_hparams": {
    "outputscale": 0.46806114078047656,
    "noise": 0.10778549013936141,
    "mean": -6.287304517294496
  }
}