{
  "times": {
    "make_fps": 85.89367467910051,
    "fit_subset_gp": 122.89366432838142,
    "eval_subset_gp": {
      "0;5000": 431.68011979945004
    },
    "make_random_features_train": 2231.842321584001,
    "make_random_features_test": 326.95793835632503,
    "rfgp_predictions": 140.66746992617846
  },
  "metrics": {
    "eval_subset_gp": {
      "0;5000": {
        "R2": 0.8080143868668808,
        "avg_log_prob": -0.9519350400129354,
        "mae": 0.344930397836307,
        "mse": 0.19818136138249848
      }
    },
    "rfgp": {
      "R2": 0.8370316471771682,
      "avg_log_prob": -0.650084690974068,
      "mae": 0.3173536866709263,
      "mse": 0.16822765777922027
    }
  },
  "args": {
    "logfile": "results/regression/M5000/countTrue/F2/rfgp-Gaussian-T_MM-4.log",
    "output_json": "results/regression/M5000/countTrue/F2/rfgp-Gaussian-T_MM-4.json",
    "seed": 4,
    "num_jobs": 6,
    "dataset": "dockstring",
    "target": "F2",
    "fp_dim": 1024,
    "binary_fps": false,
    "kernel": "T_MM",
    "num_exact_fit": 5000,
    "eval_rsgp": true,
    "rsgp_subset_sizes": [
      5000
    ],
    "fit_svgp": false,
    "svgp_num_inducing_points": 100,
    "svgp_inducing_init": "kmeans",
    "svgp_pretrain_num_steps": 100,
    "svgp_pretrain_batch_size": 4096,
    "svgp_pretrain_lr": 0.1,
    "svgp_pretrain_eval_interval": 100,
    "svgp_num_steps": 50000,
    "svgp_batch_size": 256,
    "svgp_lr": 0.001,
    "svgp_eval_interval": 1000,
    "fit_rfgp": true,
    "num_random_features": 5000,
    "tdp_bias_correction": "normalize",
    "tmm_distribution": "Gaussian"
  },
  "data_shapes": {
    "train": [
      221269,
      1024
    ],
    "test": [
      38881,
      1024
    ]
  },
  "gp_hparams": {
    "outputscale": 0.39355401018907094,
    "noise": 0.08706298122640588,
    "mean": -6.326142876481231
  }
}