{
  "times": {
    "make_fps": 83.47091802954674,
    "fit_subset_gp": 159.2771020811051,
    "eval_subset_gp": {
      "0;5000": 418.15099245123565
    },
    "make_random_features_train": 2399.2469252813607,
    "make_random_features_test": 399.1289609745145,
    "rfgp_predictions": 127.37005304731429
  },
  "metrics": {
    "eval_subset_gp": {
      "0;5000": {
        "R2": 0.811223545972024,
        "avg_log_prob": -0.9523725489482535,
        "mae": 0.3424383907458036,
        "mse": 0.19486863648623598
      }
    },
    "rfgp": {
      "R2": 0.8369875725179009,
      "avg_log_prob": -0.6561734593099154,
      "mae": 0.3169327777818672,
      "mse": 0.16827315481326108
    }
  },
  "args": {
    "logfile": "results/regression/M5000/countTrue/F2/rfgp-Gaussian-T_MM-2.log",
    "output_json": "results/regression/M5000/countTrue/F2/rfgp-Gaussian-T_MM-2.json",
    "seed": 2,
    "num_jobs": 6,
    "dataset": "dockstring",
    "target": "F2",
    "fp_dim": 1024,
    "binary_fps": false,
    "kernel": "T_MM",
    "num_exact_fit": 5000,
    "eval_rsgp": true,
    "rsgp_subset_sizes": [
      5000
    ],
    "fit_svgp": false,
    "svgp_num_inducing_points": 100,
    "svgp_inducing_init": "kmeans",
    "svgp_pretrain_num_steps": 100,
    "svgp_pretrain_batch_size": 4096,
    "svgp_pretrain_lr": 0.1,
    "svgp_pretrain_eval_interval": 100,
    "svgp_num_steps": 50000,
    "svgp_batch_size": 256,
    "svgp_lr": 0.001,
    "svgp_eval_interval": 1000,
    "fit_rfgp": true,
    "num_random_features": 5000,
    "tdp_bias_correction": "normalize",
    "tmm_distribution": "Gaussian"
  },
  "data_shapes": {
    "train": [
      221269,
      1024
    ],
    "test": [
      38881,
      1024
    ]
  },
  "gp_hparams": {
    "outputscale": 0.40740550367496997,
    "noise": 0.08585839165466429,
    "mean": -6.354704885264935
  }
}