{
  "times": {
    "make_fps": 89.91185228712857,
    "fit_subset_gp": 144.0545214228332,
    "eval_subset_gp": {
      "0;5000": 365.3809818327427
    },
    "make_random_features_train": 2517.885422339663,
    "make_random_features_test": 348.14563231915236,
    "rfgp_predictions": 158.14522835239768
  },
  "metrics": {
    "eval_subset_gp": {
      "0;5000": {
        "R2": 0.811223545972024,
        "avg_log_prob": -0.9523725489482535,
        "mae": 0.3424383907458036,
        "mse": 0.19486863648623598
      }
    },
    "rfgp": {
      "R2": 0.8389433256272156,
      "avg_log_prob": -0.6449351197535448,
      "mae": 0.3146277705447557,
      "mse": 0.16625428575632137
    }
  },
  "args": {
    "logfile": "results/regression/M5000/countTrue/F2/rfgp-Rademacher-T_MM-2.log",
    "output_json": "results/regression/M5000/countTrue/F2/rfgp-Rademacher-T_MM-2.json",
    "seed": 2,
    "num_jobs": 6,
    "dataset": "dockstring",
    "target": "F2",
    "fp_dim": 1024,
    "binary_fps": false,
    "kernel": "T_MM",
    "num_exact_fit": 5000,
    "eval_rsgp": true,
    "rsgp_subset_sizes": [
      5000
    ],
    "fit_svgp": false,
    "svgp_num_inducing_points": 100,
    "svgp_inducing_init": "kmeans",
    "svgp_pretrain_num_steps": 100,
    "svgp_pretrain_batch_size": 4096,
    "svgp_pretrain_lr": 0.1,
    "svgp_pretrain_eval_interval": 100,
    "svgp_num_steps": 50000,
    "svgp_batch_size": 256,
    "svgp_lr": 0.001,
    "svgp_eval_interval": 1000,
    "fit_rfgp": true,
    "num_random_features": 5000,
    "tdp_bias_correction": "normalize",
    "tmm_distribution": "Rademacher"
  },
  "data_shapes": {
    "train": [
      221269,
      1024
    ],
    "test": [
      38881,
      1024
    ]
  },
  "gp_hparams": {
    "outputscale": 0.40740550367496997,
    "noise": 0.08585839165466429,
    "mean": -6.354704885264935
  }
}