{
  "times": {
    "make_fps": 83.38626107759774,
    "fit_subset_gp": 147.9790081139654,
    "eval_subset_gp": {
      "0;5000": 366.7817480005324
    },
    "init_inducing_points": 1299.822988441214
  },
  "metrics": {
    "eval_subset_gp": {
      "0;5000": {
        "R2": 0.811223545972024,
        "avg_log_prob": -0.9523725489482535,
        "mae": 0.3424383907458036,
        "mse": 0.19486863648623598
      }
    },
    "svgp": [
      {
        "n_opt_steps": 22,
        "train_time": 1404.301646353677,
        "eval_time": 145.51331743597984,
        "metrics": {
          "R2": 0.8609317344876957,
          "avg_log_prob": -0.5067015566459004,
          "mae": 0.2906738529271381,
          "mse": 0.1435562682773586
        }
      }
    ]
  },
  "args": {
    "logfile": "results/regression/M5000/countTrue/F2/svgp-T_MM-2.log",
    "output_json": "results/regression/M5000/countTrue/F2/svgp-T_MM-2.json",
    "seed": 2,
    "num_jobs": 1,
    "dataset": "dockstring",
    "target": "F2",
    "fp_dim": 1024,
    "binary_fps": false,
    "kernel": "T_MM",
    "num_exact_fit": 5000,
    "eval_rsgp": true,
    "rsgp_subset_sizes": [
      5000
    ],
    "fit_svgp": true,
    "svgp_num_inducing_points": 5000,
    "svgp_inducing_init": "kmeans",
    "svgp_pretrain_num_steps": 22,
    "svgp_pretrain_batch_size": 10000,
    "svgp_pretrain_lr": 0.1,
    "svgp_pretrain_eval_interval": 22,
    "svgp_num_steps": 0,
    "svgp_batch_size": 256,
    "svgp_lr": 0.001,
    "svgp_eval_interval": 1000,
    "fit_rfgp": false,
    "num_random_features": 1000,
    "tdp_bias_correction": "normalize",
    "tmm_distribution": "Rademacher"
  },
  "data_shapes": {
    "train": [
      221269,
      1024
    ],
    "test": [
      38881,
      1024
    ]
  },
  "gp_hparams": {
    "outputscale": 0.40740550367496997,
    "noise": 0.08585839165466429,
    "mean": -6.354704885264935
  }
}