{
  "times": {
    "make_fps": 81.48725532367826,
    "fit_subset_gp": 161.27566702850163,
    "eval_subset_gp": {
      "0;5000": 432.06831868737936
    },
    "init_inducing_points": 1403.7961700912565
  },
  "metrics": {
    "eval_subset_gp": {
      "0;5000": {
        "R2": 0.8108743131358358,
        "avg_log_prob": -0.9520242278880338,
        "mae": 0.34307283132238753,
        "mse": 0.19522913974367143
      }
    },
    "svgp": [
      {
        "n_opt_steps": 22,
        "train_time": 1340.4798145741224,
        "eval_time": 122.46872977912426,
        "metrics": {
          "R2": 0.8611415897903155,
          "avg_log_prob": -0.5014154310966168,
          "mae": 0.2908187592327162,
          "mse": 0.14333964053693668
        }
      }
    ]
  },
  "args": {
    "logfile": "results/regression/M5000/countTrue/F2/svgp-T_MM-3.log",
    "output_json": "results/regression/M5000/countTrue/F2/svgp-T_MM-3.json",
    "seed": 3,
    "num_jobs": 1,
    "dataset": "dockstring",
    "target": "F2",
    "fp_dim": 1024,
    "binary_fps": false,
    "kernel": "T_MM",
    "num_exact_fit": 5000,
    "eval_rsgp": true,
    "rsgp_subset_sizes": [
      5000
    ],
    "fit_svgp": true,
    "svgp_num_inducing_points": 5000,
    "svgp_inducing_init": "kmeans",
    "svgp_pretrain_num_steps": 22,
    "svgp_pretrain_batch_size": 10000,
    "svgp_pretrain_lr": 0.1,
    "svgp_pretrain_eval_interval": 22,
    "svgp_num_steps": 0,
    "svgp_batch_size": 256,
    "svgp_lr": 0.001,
    "svgp_eval_interval": 1000,
    "fit_rfgp": false,
    "num_random_features": 1000,
    "tdp_bias_correction": "normalize",
    "tmm_distribution": "Rademacher"
  },
  "data_shapes": {
    "train": [
      221269,
      1024
    ],
    "test": [
      38881,
      1024
    ]
  },
  "gp_hparams": {
    "outputscale": 0.4054523941719784,
    "noise": 0.08111312242420787,
    "mean": -6.324865233605773
  }
}