{
  "times": {
    "make_fps": 85.74792441353202,
    "fit_subset_gp": 60.47875991277397,
    "eval_subset_gp": {
      "0;5000": 72.62425179407
    },
    "init_inducing_points": 742.4673143643886
  },
  "metrics": {
    "eval_subset_gp": {
      "0;5000": {
        "R2": 0.8161905597460644,
        "avg_log_prob": -0.9407324342712226,
        "mae": 0.34021290291570144,
        "mse": 0.1897413275401099
      }
    },
    "svgp": [
      {
        "n_opt_steps": 22,
        "train_time": 702.2308500669897,
        "eval_time": 33.12310966476798,
        "metrics": {
          "R2": 0.864949619393047,
          "avg_log_prob": -0.4617765518247981,
          "mae": 0.2867750092901549,
          "mse": 0.1394087184301281
        }
      }
    ]
  },
  "args": {
    "logfile": "results/regression/M5000/countTrue/F2/svgp-T_DP-2.log",
    "output_json": "results/regression/M5000/countTrue/F2/svgp-T_DP-2.json",
    "seed": 2,
    "num_jobs": 1,
    "dataset": "dockstring",
    "target": "F2",
    "fp_dim": 1024,
    "binary_fps": false,
    "kernel": "T_DP",
    "num_exact_fit": 5000,
    "eval_rsgp": true,
    "rsgp_subset_sizes": [
      5000
    ],
    "fit_svgp": true,
    "svgp_num_inducing_points": 5000,
    "svgp_inducing_init": "kmeans",
    "svgp_pretrain_num_steps": 22,
    "svgp_pretrain_batch_size": 10000,
    "svgp_pretrain_lr": 0.1,
    "svgp_pretrain_eval_interval": 22,
    "svgp_num_steps": 0,
    "svgp_batch_size": 256,
    "svgp_lr": 0.001,
    "svgp_eval_interval": 1000,
    "fit_rfgp": false,
    "num_random_features": 1000,
    "tdp_bias_correction": "normalize",
    "tmm_distribution": "Rademacher"
  },
  "data_shapes": {
    "train": [
      221269,
      1024
    ],
    "test": [
      38881,
      1024
    ]
  },
  "gp_hparams": {
    "outputscale": 0.4734974767662301,
    "noise": 0.10864378257082687,
    "mean": -6.425107850365985
  }
}