{
  "times": {
    "make_fps": 80.97645014338195,
    "fit_subset_gp": 38.98662101663649,
    "eval_subset_gp": {
      "0;5000": 62.34089715220034
    },
    "init_inducing_points": 681.5897476263344
  },
  "metrics": {
    "eval_subset_gp": {
      "0;5000": {
        "R2": 0.8167704225453378,
        "avg_log_prob": -0.9408630782041947,
        "mae": 0.33934398964654994,
        "mse": 0.18914275144318438
      }
    },
    "svgp": [
      {
        "n_opt_steps": 22,
        "train_time": 672.6559454817325,
        "eval_time": 29.04227002710104,
        "metrics": {
          "R2": 0.8647302653759594,
          "avg_log_prob": -0.4583404429086534,
          "mae": 0.2872725154722681,
          "mse": 0.13963515142696412
        }
      }
    ]
  },
  "args": {
    "logfile": "results/regression/M5000/countTrue/F2/svgp-T_DP-3.log",
    "output_json": "results/regression/M5000/countTrue/F2/svgp-T_DP-3.json",
    "seed": 3,
    "num_jobs": 1,
    "dataset": "dockstring",
    "target": "F2",
    "fp_dim": 1024,
    "binary_fps": false,
    "kernel": "T_DP",
    "num_exact_fit": 5000,
    "eval_rsgp": true,
    "rsgp_subset_sizes": [
      5000
    ],
    "fit_svgp": true,
    "svgp_num_inducing_points": 5000,
    "svgp_inducing_init": "kmeans",
    "svgp_pretrain_num_steps": 22,
    "svgp_pretrain_batch_size": 10000,
    "svgp_pretrain_lr": 0.1,
    "svgp_pretrain_eval_interval": 22,
    "svgp_num_steps": 0,
    "svgp_batch_size": 256,
    "svgp_lr": 0.001,
    "svgp_eval_interval": 1000,
    "fit_rfgp": false,
    "num_random_features": 1000,
    "tdp_bias_correction": "normalize",
    "tmm_distribution": "Rademacher"
  },
  "data_shapes": {
    "train": [
      221269,
      1024
    ],
    "test": [
      38881,
      1024
    ]
  },
  "gp_hparams": {
    "outputscale": 0.480221464301514,
    "noise": 0.1012518787099996,
    "mean": -6.382399867758689
  }
}