{
  "times": {
    "make_fps": 86.48997221887112,
    "fit_subset_gp": 129.96496140025556,
    "eval_subset_gp": {
      "0;5000": 388.858979806304
    },
    "init_inducing_points": 1431.1284717172384
  },
  "metrics": {
    "eval_subset_gp": {
      "0;5000": {
        "R2": 0.80903253052678,
        "avg_log_prob": -0.9468102370340753,
        "mae": 0.3437655626167001,
        "mse": 0.19713036025116956
      }
    },
    "svgp": [
      {
        "n_opt_steps": 22,
        "train_time": 1419.3693929444999,
        "eval_time": 83.0108466912061,
        "metrics": {
          "R2": 0.8608317543579131,
          "avg_log_prob": -0.4934322750390667,
          "mae": 0.29123933172704486,
          "mse": 0.14365947495992265
        }
      }
    ]
  },
  "args": {
    "logfile": "results/regression/M5000/countTrue/F2/svgp-T_MM-5.log",
    "output_json": "results/regression/M5000/countTrue/F2/svgp-T_MM-5.json",
    "seed": 5,
    "num_jobs": 1,
    "dataset": "dockstring",
    "target": "F2",
    "fp_dim": 1024,
    "binary_fps": false,
    "kernel": "T_MM",
    "num_exact_fit": 5000,
    "eval_rsgp": true,
    "rsgp_subset_sizes": [
      5000
    ],
    "fit_svgp": true,
    "svgp_num_inducing_points": 5000,
    "svgp_inducing_init": "kmeans",
    "svgp_pretrain_num_steps": 22,
    "svgp_pretrain_batch_size": 10000,
    "svgp_pretrain_lr": 0.1,
    "svgp_pretrain_eval_interval": 22,
    "svgp_num_steps": 0,
    "svgp_batch_size": 256,
    "svgp_lr": 0.001,
    "svgp_eval_interval": 1000,
    "fit_rfgp": false,
    "num_random_features": 1000,
    "tdp_bias_correction": "normalize",
    "tmm_distribution": "Rademacher"
  },
  "data_shapes": {
    "train": [
      221269,
      1024
    ],
    "test": [
      38881,
      1024
    ]
  },
  "gp_hparams": {
    "outputscale": 0.3630063048895296,
    "noise": 0.086979454661026,
    "mean": -6.45237591779007
  }
}