{
  "times": {
    "make_fps": 88.45711884461343,
    "fit_subset_gp": 77.62648668885231,
    "eval_subset_gp": {
      "0;5000": 103.65639353170991
    },
    "init_inducing_points": 920.6264541950077
  },
  "metrics": {
    "eval_subset_gp": {
      "0;5000": {
        "R2": 0.8180715017750537,
        "avg_log_prob": -0.9410609295583894,
        "mae": 0.33798689722885866,
        "mse": 0.18779968386221504
      }
    },
    "svgp": [
      {
        "n_opt_steps": 22,
        "train_time": 1063.8293875996023,
        "eval_time": 58.0851032063365,
        "metrics": {
          "R2": 0.8652895431315892,
          "avg_log_prob": -0.45908692827269715,
          "mae": 0.2869218211301258,
          "mse": 0.1390578246929822
        }
      }
    ]
  },
  "args": {
    "logfile": "results/regression/M5000/countTrue/F2/svgp-T_DP-1.log",
    "output_json": "results/regression/M5000/countTrue/F2/svgp-T_DP-1.json",
    "seed": 1,
    "num_jobs": 1,
    "dataset": "dockstring",
    "target": "F2",
    "fp_dim": 1024,
    "binary_fps": false,
    "kernel": "T_DP",
    "num_exact_fit": 5000,
    "eval_rsgp": true,
    "rsgp_subset_sizes": [
      5000
    ],
    "fit_svgp": true,
    "svgp_num_inducing_points": 5000,
    "svgp_inducing_init": "kmeans",
    "svgp_pretrain_num_steps": 22,
    "svgp_pretrain_batch_size": 10000,
    "svgp_pretrain_lr": 0.1,
    "svgp_pretrain_eval_interval": 22,
    "svgp_num_steps": 0,
    "svgp_batch_size": 256,
    "svgp_lr": 0.001,
    "svgp_eval_interval": 1000,
    "fit_rfgp": false,
    "num_random_features": 1000,
    "tdp_bias_correction": "normalize",
    "tmm_distribution": "Rademacher"
  },
  "data_shapes": {
    "train": [
      221269,
      1024
    ],
    "test": [
      38881,
      1024
    ]
  },
  "gp_hparams": {
    "outputscale": 0.4886449556105254,
    "noise": 0.10317597569608146,
    "mean": -6.345418801172463
  }
}