{
  "times": {
    "make_fps": 108.22302236035466,
    "fit_subset_gp": 154.65360425412655,
    "eval_subset_gp": {
      "0;5000": 361.4555996451527
    },
    "init_inducing_points": 1068.6137267947197
  },
  "metrics": {
    "eval_subset_gp": {
      "0;5000": {
        "R2": 0.8080143868668808,
        "avg_log_prob": -0.9519350400129354,
        "mae": 0.344930397836307,
        "mse": 0.19818136138249848
      }
    },
    "svgp": [
      {
        "n_opt_steps": 22,
        "train_time": 1557.2161018624902,
        "eval_time": 101.1549962926656,
        "metrics": {
          "R2": 0.8610531646186781,
          "avg_log_prob": -0.5027098593202642,
          "mae": 0.29067334259528305,
          "mse": 0.143430919360436
        }
      }
    ]
  },
  "args": {
    "logfile": "results/regression/M5000/countTrue/F2/svgp-T_MM-4.log",
    "output_json": "results/regression/M5000/countTrue/F2/svgp-T_MM-4.json",
    "seed": 4,
    "num_jobs": 1,
    "dataset": "dockstring",
    "target": "F2",
    "fp_dim": 1024,
    "binary_fps": false,
    "kernel": "T_MM",
    "num_exact_fit": 5000,
    "eval_rsgp": true,
    "rsgp_subset_sizes": [
      5000
    ],
    "fit_svgp": true,
    "svgp_num_inducing_points": 5000,
    "svgp_inducing_init": "kmeans",
    "svgp_pretrain_num_steps": 22,
    "svgp_pretrain_batch_size": 10000,
    "svgp_pretrain_lr": 0.1,
    "svgp_pretrain_eval_interval": 22,
    "svgp_num_steps": 0,
    "svgp_batch_size": 256,
    "svgp_lr": 0.001,
    "svgp_eval_interval": 1000,
    "fit_rfgp": false,
    "num_random_features": 1000,
    "tdp_bias_correction": "normalize",
    "tmm_distribution": "Rademacher"
  },
  "data_shapes": {
    "train": [
      221269,
      1024
    ],
    "test": [
      38881,
      1024
    ]
  },
  "gp_hparams": {
    "outputscale": 0.39355401018907094,
    "noise": 0.08706298122640588,
    "mean": -6.326142876481231
  }
}