{
  "times": {
    "make_fps": 85.1135156545788,
    "fit_subset_gp": 135.27879709936678,
    "eval_subset_gp": {
      "0;5000": 406.20451395213604
    },
    "init_inducing_points": 1136.1379811037332
  },
  "metrics": {
    "eval_subset_gp": {
      "0;5000": {
        "R2": 0.8132361496791922,
        "avg_log_prob": -0.9513198815089139,
        "mae": 0.3405962079007893,
        "mse": 0.1927910821523417
      }
    },
    "svgp": [
      {
        "n_opt_steps": 22,
        "train_time": 1425.5470369700342,
        "eval_time": 74.21996552497149,
        "metrics": {
          "R2": 0.8609597855226911,
          "avg_log_prob": -0.5049305023214054,
          "mae": 0.29088880663095373,
          "mse": 0.1435273119810358
        }
      }
    ]
  },
  "args": {
    "logfile": "results/regression/M5000/countTrue/F2/svgp-T_MM-1.log",
    "output_json": "results/regression/M5000/countTrue/F2/svgp-T_MM-1.json",
    "seed": 1,
    "num_jobs": 1,
    "dataset": "dockstring",
    "target": "F2",
    "fp_dim": 1024,
    "binary_fps": false,
    "kernel": "T_MM",
    "num_exact_fit": 5000,
    "eval_rsgp": true,
    "rsgp_subset_sizes": [
      5000
    ],
    "fit_svgp": true,
    "svgp_num_inducing_points": 5000,
    "svgp_inducing_init": "kmeans",
    "svgp_pretrain_num_steps": 22,
    "svgp_pretrain_batch_size": 10000,
    "svgp_pretrain_lr": 0.1,
    "svgp_pretrain_eval_interval": 22,
    "svgp_num_steps": 0,
    "svgp_batch_size": 256,
    "svgp_lr": 0.001,
    "svgp_eval_interval": 1000,
    "fit_rfgp": false,
    "num_random_features": 1000,
    "tdp_bias_correction": "normalize",
    "tmm_distribution": "Rademacher"
  },
  "data_shapes": {
    "train": [
      221269,
      1024
    ],
    "test": [
      38881,
      1024
    ]
  },
  "gp_hparams": {
    "outputscale": 0.4095182446923412,
    "noise": 0.08280824367774826,
    "mean": -6.241919779198505
  }
}