{
  "times": {
    "make_fps": 83.24859222397208,
    "fit_subset_gp": 49.11364999972284,
    "eval_subset_gp": {
      "0;5000": 91.66278169117868
    },
    "init_inducing_points": 570.2835102975368
  },
  "metrics": {
    "eval_subset_gp": {
      "0;5000": {
        "R2": 0.8182637321975688,
        "avg_log_prob": -0.9386922643456552,
        "mae": 0.33795290338963574,
        "mse": 0.1876012497909769
      }
    },
    "svgp": [
      {
        "n_opt_steps": 22,
        "train_time": 630.7633609808981,
        "eval_time": 35.68962312117219,
        "metrics": {
          "R2": 0.864715936271661,
          "avg_log_prob": -0.4611310891003581,
          "mae": 0.2877659884632357,
          "mse": 0.13964994295926136
        }
      }
    ]
  },
  "args": {
    "logfile": "results/regression/M5000/countTrue/F2/svgp-T_DP-4.log",
    "output_json": "results/regression/M5000/countTrue/F2/svgp-T_DP-4.json",
    "seed": 4,
    "num_jobs": 1,
    "dataset": "dockstring",
    "target": "F2",
    "fp_dim": 1024,
    "binary_fps": false,
    "kernel": "T_DP",
    "num_exact_fit": 5000,
    "eval_rsgp": true,
    "rsgp_subset_sizes": [
      5000
    ],
    "fit_svgp": true,
    "svgp_num_inducing_points": 5000,
    "svgp_inducing_init": "kmeans",
    "svgp_pretrain_num_steps": 22,
    "svgp_pretrain_batch_size": 10000,
    "svgp_pretrain_lr": 0.1,
    "svgp_pretrain_eval_interval": 22,
    "svgp_num_steps": 0,
    "svgp_batch_size": 256,
    "svgp_lr": 0.001,
    "svgp_eval_interval": 1000,
    "fit_rfgp": false,
    "num_random_features": 1000,
    "tdp_bias_correction": "normalize",
    "tmm_distribution": "Rademacher"
  },
  "data_shapes": {
    "train": [
      221269,
      1024
    ],
    "test": [
      38881,
      1024
    ]
  },
  "gp_hparams": {
    "outputscale": 0.46806114078047656,
    "noise": 0.10778549013936141,
    "mean": -6.287304517294496
  }
}