{
  "times": {
    "make_fps": 97.32008202560246,
    "fit_subset_gp": 59.89768975414336,
    "eval_subset_gp": {
      "0;5000": 70.21211824193597
    },
    "make_random_features_train": 734.8787698801607,
    "make_random_features_test": 104.07221835665405,
    "rfgp_predictions": 89.34251957572997
  },
  "metrics": {
    "eval_subset_gp": {
      "0;5000": {
        "R2": 0.5147459768841762,
        "avg_log_prob": -1.0778189261495668,
        "mae": 0.4729550821042944,
        "mse": 0.37779749146761427
      }
    },
    "rfgp": {
      "R2": 0.5443089140689957,
      "avg_log_prob": -0.9037170363441813,
      "mae": 0.45375385768245324,
      "mse": 0.3547810856743673
    }
  },
  "args": {
    "logfile": "results/regression/M5000/countTrue/ESR2/rfgp-sketch_error-T_DP-2.log",
    "output_json": "results/regression/M5000/countTrue/ESR2/rfgp-sketch_error-T_DP-2.json",
    "seed": 2,
    "num_jobs": 1,
    "dataset": "dockstring",
    "target": "ESR2",
    "fp_dim": 1024,
    "binary_fps": false,
    "kernel": "T_DP",
    "num_exact_fit": 5000,
    "eval_rsgp": true,
    "rsgp_subset_sizes": [
      5000
    ],
    "fit_svgp": false,
    "svgp_num_inducing_points": 100,
    "svgp_inducing_init": "kmeans",
    "svgp_pretrain_num_steps": 100,
    "svgp_pretrain_batch_size": 4096,
    "svgp_pretrain_lr": 0.1,
    "svgp_pretrain_eval_interval": 100,
    "svgp_num_steps": 50000,
    "svgp_batch_size": 256,
    "svgp_lr": 0.001,
    "svgp_eval_interval": 1000,
    "fit_rfgp": true,
    "num_random_features": 5000,
    "tdp_bias_correction": "sketch_error",
    "tmm_distribution": "Rademacher"
  },
  "data_shapes": {
    "train": [
      221272,
      1024
    ],
    "test": [
      38879,
      1024
    ]
  },
  "gp_hparams": {
    "outputscale": 0.7823521664238535,
    "noise": 0.3108946111625316,
    "mean": -6.833061005121373
  }
}