{
  "times": {
    "make_fps": 77.02705302834511,
    "fit_subset_gp": 167.00026832334697,
    "eval_subset_gp": {
      "0;5000": 408.1315104197711
    },
    "make_random_features_train": 2548.032159378752,
    "make_random_features_test": 444.9406198132783,
    "rfgp_predictions": 148.81319510750473
  },
  "metrics": {
    "eval_subset_gp": {
      "0;5000": {
        "R2": 0.51733446228391,
        "avg_log_prob": -1.0886789485196136,
        "mae": 0.4694749544421274,
        "mse": 0.375782210307366
      }
    },
    "rfgp": {
      "R2": 0.5203052470907288,
      "avg_log_prob": -0.9508250477807519,
      "mae": 0.467806566724759,
      "mse": 0.37346928760247106
    }
  },
  "args": {
    "logfile": "results/regression/M5000/countTrue/ESR2/rfgp-Gaussian-T_MM-2.log",
    "output_json": "results/regression/M5000/countTrue/ESR2/rfgp-Gaussian-T_MM-2.json",
    "seed": 2,
    "num_jobs": 6,
    "dataset": "dockstring",
    "target": "ESR2",
    "fp_dim": 1024,
    "binary_fps": false,
    "kernel": "T_MM",
    "num_exact_fit": 5000,
    "eval_rsgp": true,
    "rsgp_subset_sizes": [
      5000
    ],
    "fit_svgp": false,
    "svgp_num_inducing_points": 100,
    "svgp_inducing_init": "kmeans",
    "svgp_pretrain_num_steps": 100,
    "svgp_pretrain_batch_size": 4096,
    "svgp_pretrain_lr": 0.1,
    "svgp_pretrain_eval_interval": 100,
    "svgp_num_steps": 50000,
    "svgp_batch_size": 256,
    "svgp_lr": 0.001,
    "svgp_eval_interval": 1000,
    "fit_rfgp": true,
    "num_random_features": 5000,
    "tdp_bias_correction": "normalize",
    "tmm_distribution": "Gaussian"
  },
  "data_shapes": {
    "train": [
      221272,
      1024
    ],
    "test": [
      38879,
      1024
    ]
  },
  "gp_hparams": {
    "outputscale": 0.6928656706011962,
    "noise": 0.2691868285416158,
    "mean": -6.792952047137124
  }
}