{
  "times": {
    "make_fps": 85.38381326757371,
    "fit_subset_gp": 87.74965023063123,
    "eval_subset_gp": {
      "0;5000": 95.13768049888313
    },
    "make_random_features_train": 775.5141411311924,
    "make_random_features_test": 117.2133901938796,
    "rfgp_predictions": 90.86175007373095
  },
  "metrics": {
    "eval_subset_gp": {
      "0;5000": {
        "R2": 0.5171221558545824,
        "avg_log_prob": -1.0742685048893847,
        "mae": 0.46992558874445367,
        "mse": 0.3759475027781165
      }
    },
    "rfgp": {
      "R2": 0.5448365468988844,
      "avg_log_prob": -0.9050380684121635,
      "mae": 0.453820883389374,
      "mse": 0.3543702939033523
    }
  },
  "args": {
    "logfile": "results/regression/M5000/countTrue/ESR2/rfgp-sketch_error-T_DP-4.log",
    "output_json": "results/regression/M5000/countTrue/ESR2/rfgp-sketch_error-T_DP-4.json",
    "seed": 4,
    "num_jobs": 1,
    "dataset": "dockstring",
    "target": "ESR2",
    "fp_dim": 1024,
    "binary_fps": false,
    "kernel": "T_DP",
    "num_exact_fit": 5000,
    "eval_rsgp": true,
    "rsgp_subset_sizes": [
      5000
    ],
    "fit_svgp": false,
    "svgp_num_inducing_points": 100,
    "svgp_inducing_init": "kmeans",
    "svgp_pretrain_num_steps": 100,
    "svgp_pretrain_batch_size": 4096,
    "svgp_pretrain_lr": 0.1,
    "svgp_pretrain_eval_interval": 100,
    "svgp_num_steps": 50000,
    "svgp_batch_size": 256,
    "svgp_lr": 0.001,
    "svgp_eval_interval": 1000,
    "fit_rfgp": true,
    "num_random_features": 5000,
    "tdp_bias_correction": "sketch_error",
    "tmm_distribution": "Rademacher"
  },
  "data_shapes": {
    "train": [
      221272,
      1024
    ],
    "test": [
      38879,
      1024
    ]
  },
  "gp_hparams": {
    "outputscale": 0.7447905639805307,
    "noise": 0.30251138336905564,
    "mean": -6.683921171262004
  }
}