{
  "times": {
    "make_fps": 76.65348133444786,
    "fit_subset_gp": 199.73590670526028,
    "eval_subset_gp": {
      "0;5000": 411.4286511372775
    },
    "make_random_features_train": 2584.401349088177,
    "make_random_features_test": 331.4774645231664,
    "rfgp_predictions": 115.27697660215199
  },
  "metrics": {
    "eval_subset_gp": {
      "0;5000": {
        "R2": 0.5130180841496641,
        "avg_log_prob": -1.0815097405420169,
        "mae": 0.47182344224744494,
        "mse": 0.3791427529379514
      }
    },
    "rfgp": {
      "R2": 0.5205458855349074,
      "avg_log_prob": -0.9546060487082182,
      "mae": 0.4682698305691288,
      "mse": 0.37328193706804874
    }
  },
  "args": {
    "logfile": "results/regression/M5000/countTrue/ESR2/rfgp-Rademacher-T_MM-3.log",
    "output_json": "results/regression/M5000/countTrue/ESR2/rfgp-Rademacher-T_MM-3.json",
    "seed": 3,
    "num_jobs": 6,
    "dataset": "dockstring",
    "target": "ESR2",
    "fp_dim": 1024,
    "binary_fps": false,
    "kernel": "T_MM",
    "num_exact_fit": 5000,
    "eval_rsgp": true,
    "rsgp_subset_sizes": [
      5000
    ],
    "fit_svgp": false,
    "svgp_num_inducing_points": 100,
    "svgp_inducing_init": "kmeans",
    "svgp_pretrain_num_steps": 100,
    "svgp_pretrain_batch_size": 4096,
    "svgp_pretrain_lr": 0.1,
    "svgp_pretrain_eval_interval": 100,
    "svgp_num_steps": 50000,
    "svgp_batch_size": 256,
    "svgp_lr": 0.001,
    "svgp_eval_interval": 1000,
    "fit_rfgp": true,
    "num_random_features": 5000,
    "tdp_bias_correction": "normalize",
    "tmm_distribution": "Rademacher"
  },
  "data_shapes": {
    "train": [
      221272,
      1024
    ],
    "test": [
      38879,
      1024
    ]
  },
  "gp_hparams": {
    "outputscale": 0.6053901593484659,
    "noise": 0.2632857676667955,
    "mean": -6.770917909308189
  }
}