{
  "times": {
    "make_fps": 84.68072396330535,
    "fit_subset_gp": 53.65891114808619,
    "eval_subset_gp": {
      "0;5000": 63.74505799263716
    },
    "make_random_features_train": 696.0083933360875,
    "make_random_features_test": 133.40323938429356,
    "rfgp_predictions": 112.11217056401074
  },
  "metrics": {
    "eval_subset_gp": {
      "0;5000": {
        "R2": 0.5147459768841762,
        "avg_log_prob": -1.0778189261495668,
        "mae": 0.4729550821042944,
        "mse": 0.37779749146761427
      }
    },
    "rfgp": {
      "R2": 0.5454263760694731,
      "avg_log_prob": -0.9023593199148465,
      "mae": 0.4528317803368619,
      "mse": 0.35391107879038525
    }
  },
  "args": {
    "logfile": "results/regression/M5000/countTrue/ESR2/rfgp-normalize-T_DP-2.log",
    "output_json": "results/regression/M5000/countTrue/ESR2/rfgp-normalize-T_DP-2.json",
    "seed": 2,
    "num_jobs": 1,
    "dataset": "dockstring",
    "target": "ESR2",
    "fp_dim": 1024,
    "binary_fps": false,
    "kernel": "T_DP",
    "num_exact_fit": 5000,
    "eval_rsgp": true,
    "rsgp_subset_sizes": [
      5000
    ],
    "fit_svgp": false,
    "svgp_num_inducing_points": 100,
    "svgp_inducing_init": "kmeans",
    "svgp_pretrain_num_steps": 100,
    "svgp_pretrain_batch_size": 4096,
    "svgp_pretrain_lr": 0.1,
    "svgp_pretrain_eval_interval": 100,
    "svgp_num_steps": 50000,
    "svgp_batch_size": 256,
    "svgp_lr": 0.001,
    "svgp_eval_interval": 1000,
    "fit_rfgp": true,
    "num_random_features": 5000,
    "tdp_bias_correction": "normalize",
    "tmm_distribution": "Rademacher"
  },
  "data_shapes": {
    "train": [
      221272,
      1024
    ],
    "test": [
      38879,
      1024
    ]
  },
  "gp_hparams": {
    "outputscale": 0.7823521664238535,
    "noise": 0.3108946111625316,
    "mean": -6.833061005121373
  }
}