{
  "times": {
    "make_fps": 76.44829993322492,
    "fit_subset_gp": 150.64543000608683,
    "eval_subset_gp": {
      "0;5000": 406.7545434329659
    },
    "make_random_features_train": 2641.279326375574,
    "make_random_features_test": 464.2865193337202,
    "rfgp_predictions": 127.36015370115638
  },
  "metrics": {
    "eval_subset_gp": {
      "0;5000": {
        "R2": 0.5137947458930205,
        "avg_log_prob": -1.0771208793260798,
        "mae": 0.4710716720600634,
        "mse": 0.3785380781812645
      }
    },
    "rfgp": {
      "R2": 0.5147546329773737,
      "avg_log_prob": -0.9387638640587814,
      "mae": 0.4700358081119643,
      "mse": 0.3777907522132441
    }
  },
  "args": {
    "logfile": "results/regression/M5000/countTrue/ESR2/rfgp-Rademacher-T_MM-1.log",
    "output_json": "results/regression/M5000/countTrue/ESR2/rfgp-Rademacher-T_MM-1.json",
    "seed": 1,
    "num_jobs": 6,
    "dataset": "dockstring",
    "target": "ESR2",
    "fp_dim": 1024,
    "binary_fps": false,
    "kernel": "T_MM",
    "num_exact_fit": 5000,
    "eval_rsgp": true,
    "rsgp_subset_sizes": [
      5000
    ],
    "fit_svgp": false,
    "svgp_num_inducing_points": 100,
    "svgp_inducing_init": "kmeans",
    "svgp_pretrain_num_steps": 100,
    "svgp_pretrain_batch_size": 4096,
    "svgp_pretrain_lr": 0.1,
    "svgp_pretrain_eval_interval": 100,
    "svgp_num_steps": 50000,
    "svgp_batch_size": 256,
    "svgp_lr": 0.001,
    "svgp_eval_interval": 1000,
    "fit_rfgp": true,
    "num_random_features": 5000,
    "tdp_bias_correction": "normalize",
    "tmm_distribution": "Rademacher"
  },
  "data_shapes": {
    "train": [
      221272,
      1024
    ],
    "test": [
      38879,
      1024
    ]
  },
  "gp_hparams": {
    "outputscale": 0.5626225870810193,
    "noise": 0.3123830293733725,
    "mean": -6.742534667710464
  }
}