{
  "times": {
    "make_fps": 93.99194273166358,
    "fit_subset_gp": 72.00830374099314,
    "eval_subset_gp": {
      "0;5000": 62.13979125209153
    },
    "make_random_features_train": 667.8653978966177,
    "make_random_features_test": 119.87209096178412,
    "rfgp_predictions": 92.82195513136685
  },
  "metrics": {
    "eval_subset_gp": {
      "0;5000": {
        "R2": 0.5076383134404121,
        "avg_log_prob": -1.0721740449068493,
        "mae": 0.47618100142680697,
        "mse": 0.3833312063701886
      }
    },
    "rfgp": {
      "R2": 0.5443596422549213,
      "avg_log_prob": -0.9052047085587736,
      "mae": 0.45459158468279026,
      "mse": 0.35474159093454766
    }
  },
  "args": {
    "logfile": "results/regression/M5000/countTrue/ESR2/rfgp-normalize-T_DP-3.log",
    "output_json": "results/regression/M5000/countTrue/ESR2/rfgp-normalize-T_DP-3.json",
    "seed": 3,
    "num_jobs": 1,
    "dataset": "dockstring",
    "target": "ESR2",
    "fp_dim": 1024,
    "binary_fps": false,
    "kernel": "T_DP",
    "num_exact_fit": 5000,
    "eval_rsgp": true,
    "rsgp_subset_sizes": [
      5000
    ],
    "fit_svgp": false,
    "svgp_num_inducing_points": 100,
    "svgp_inducing_init": "kmeans",
    "svgp_pretrain_num_steps": 100,
    "svgp_pretrain_batch_size": 4096,
    "svgp_pretrain_lr": 0.1,
    "svgp_pretrain_eval_interval": 100,
    "svgp_num_steps": 50000,
    "svgp_batch_size": 256,
    "svgp_lr": 0.001,
    "svgp_eval_interval": 1000,
    "fit_rfgp": true,
    "num_random_features": 5000,
    "tdp_bias_correction": "normalize",
    "tmm_distribution": "Rademacher"
  },
  "data_shapes": {
    "train": [
      221272,
      1024
    ],
    "test": [
      38879,
      1024
    ]
  },
  "gp_hparams": {
    "outputscale": 0.6641925996820455,
    "noise": 0.3042625095420117,
    "mean": -6.79470243398619
  }
}