{
  "times": {
    "make_fps": 88.13638229295611,
    "fit_subset_gp": 171.58521244488657,
    "eval_subset_gp": {
      "0;5000": 372.2619288545102
    },
    "make_random_features_train": 2583.974060662091,
    "make_random_features_test": 295.9150621872395,
    "rfgp_predictions": 80.91878256760538
  },
  "metrics": {
    "eval_subset_gp": {
      "0;5000": {
        "R2": 0.5135539555370974,
        "avg_log_prob": -1.0870087331387774,
        "mae": 0.4702858850591895,
        "mse": 0.3787255469875059
      }
    },
    "rfgp": {
      "R2": 0.5159795662321645,
      "avg_log_prob": -0.9621083961901151,
      "mae": 0.4709352866584773,
      "mse": 0.3768370729260458
    }
  },
  "args": {
    "logfile": "results/regression/M5000/countTrue/ESR2/rfgp-Gaussian-T_MM-4.log",
    "output_json": "results/regression/M5000/countTrue/ESR2/rfgp-Gaussian-T_MM-4.json",
    "seed": 4,
    "num_jobs": 6,
    "dataset": "dockstring",
    "target": "ESR2",
    "fp_dim": 1024,
    "binary_fps": false,
    "kernel": "T_MM",
    "num_exact_fit": 5000,
    "eval_rsgp": true,
    "rsgp_subset_sizes": [
      5000
    ],
    "fit_svgp": false,
    "svgp_num_inducing_points": 100,
    "svgp_inducing_init": "kmeans",
    "svgp_pretrain_num_steps": 100,
    "svgp_pretrain_batch_size": 4096,
    "svgp_pretrain_lr": 0.1,
    "svgp_pretrain_eval_interval": 100,
    "svgp_num_steps": 50000,
    "svgp_batch_size": 256,
    "svgp_lr": 0.001,
    "svgp_eval_interval": 1000,
    "fit_rfgp": true,
    "num_random_features": 5000,
    "tdp_bias_correction": "normalize",
    "tmm_distribution": "Gaussian"
  },
  "data_shapes": {
    "train": [
      221272,
      1024
    ],
    "test": [
      38879,
      1024
    ]
  },
  "gp_hparams": {
    "outputscale": 0.6609353357342684,
    "noise": 0.26218264349792164,
    "mean": -6.8064498260035045
  }
}