{
  "times": {
    "make_fps": 86.97033715620637,
    "fit_subset_gp": 81.78173700720072,
    "eval_subset_gp": {
      "0;5000": 68.3412953093648
    },
    "make_random_features_train": 692.1673413068056,
    "make_random_features_test": 126.25251106731594,
    "rfgp_predictions": 86.41110247559845
  },
  "metrics": {
    "eval_subset_gp": {
      "0;5000": {
        "R2": 0.5171221558545824,
        "avg_log_prob": -1.0742685048893847,
        "mae": 0.46992558874445367,
        "mse": 0.3759475027781165
      }
    },
    "rfgp": {
      "R2": 0.5470378789033384,
      "avg_log_prob": -0.9023004583950731,
      "mae": 0.45285103713882796,
      "mse": 0.3526564333899865
    }
  },
  "args": {
    "logfile": "results/regression/M5000/countTrue/ESR2/rfgp-normalize-T_DP-4.log",
    "output_json": "results/regression/M5000/countTrue/ESR2/rfgp-normalize-T_DP-4.json",
    "seed": 4,
    "num_jobs": 1,
    "dataset": "dockstring",
    "target": "ESR2",
    "fp_dim": 1024,
    "binary_fps": false,
    "kernel": "T_DP",
    "num_exact_fit": 5000,
    "eval_rsgp": true,
    "rsgp_subset_sizes": [
      5000
    ],
    "fit_svgp": false,
    "svgp_num_inducing_points": 100,
    "svgp_inducing_init": "kmeans",
    "svgp_pretrain_num_steps": 100,
    "svgp_pretrain_batch_size": 4096,
    "svgp_pretrain_lr": 0.1,
    "svgp_pretrain_eval_interval": 100,
    "svgp_num_steps": 50000,
    "svgp_batch_size": 256,
    "svgp_lr": 0.001,
    "svgp_eval_interval": 1000,
    "fit_rfgp": true,
    "num_random_features": 5000,
    "tdp_bias_correction": "normalize",
    "tmm_distribution": "Rademacher"
  },
  "data_shapes": {
    "train": [
      221272,
      1024
    ],
    "test": [
      38879,
      1024
    ]
  },
  "gp_hparams": {
    "outputscale": 0.7447905639805307,
    "noise": 0.30251138336905564,
    "mean": -6.683921171262004
  }
}