{
  "times": {
    "make_fps": 121.95530593022704,
    "fit_subset_gp": 165.20517190359533,
    "eval_subset_gp": {
      "0;5000": 385.1471958514303
    },
    "make_random_features_train": 2340.7792885210365,
    "make_random_features_test": 314.1331321988255,
    "rfgp_predictions": 99.90268517658114
  },
  "metrics": {
    "eval_subset_gp": {
      "0;5000": {
        "R2": 0.5135539555370974,
        "avg_log_prob": -1.0870087331387774,
        "mae": 0.4702858850591895,
        "mse": 0.3787255469875059
      }
    },
    "rfgp": {
      "R2": 0.5182516151037903,
      "avg_log_prob": -0.9587522125887324,
      "mae": 0.46966023987055905,
      "mse": 0.3750681553626624
    }
  },
  "args": {
    "logfile": "results/regression/M5000/countTrue/ESR2/rfgp-Rademacher-T_MM-4.log",
    "output_json": "results/regression/M5000/countTrue/ESR2/rfgp-Rademacher-T_MM-4.json",
    "seed": 4,
    "num_jobs": 6,
    "dataset": "dockstring",
    "target": "ESR2",
    "fp_dim": 1024,
    "binary_fps": false,
    "kernel": "T_MM",
    "num_exact_fit": 5000,
    "eval_rsgp": true,
    "rsgp_subset_sizes": [
      5000
    ],
    "fit_svgp": false,
    "svgp_num_inducing_points": 100,
    "svgp_inducing_init": "kmeans",
    "svgp_pretrain_num_steps": 100,
    "svgp_pretrain_batch_size": 4096,
    "svgp_pretrain_lr": 0.1,
    "svgp_pretrain_eval_interval": 100,
    "svgp_num_steps": 50000,
    "svgp_batch_size": 256,
    "svgp_lr": 0.001,
    "svgp_eval_interval": 1000,
    "fit_rfgp": true,
    "num_random_features": 5000,
    "tdp_bias_correction": "normalize",
    "tmm_distribution": "Rademacher"
  },
  "data_shapes": {
    "train": [
      221272,
      1024
    ],
    "test": [
      38879,
      1024
    ]
  },
  "gp_hparams": {
    "outputscale": 0.6609353357342684,
    "noise": 0.26218264349792164,
    "mean": -6.8064498260035045
  }
}