{
  "times": {
    "make_fps": 85.51272993162274,
    "fit_subset_gp": 74.5551177393645,
    "eval_subset_gp": {
      "0;5000": 94.5942647792399
    },
    "make_random_features_train": 710.1355636138469,
    "make_random_features_test": 119.27009190805256,
    "rfgp_predictions": 79.01601761206985
  },
  "metrics": {
    "eval_subset_gp": {
      "0;5000": {
        "R2": 0.5120017608179014,
        "avg_log_prob": -1.0708444187498223,
        "mae": 0.47352673263624045,
        "mse": 0.37993401769201673
      }
    },
    "rfgp": {
      "R2": 0.5470120793333636,
      "avg_log_prob": -0.8977639467658626,
      "mae": 0.4522495349285345,
      "mse": 0.3526765198031909
    }
  },
  "args": {
    "logfile": "results/regression/M5000/countTrue/ESR2/rfgp-none-T_DP-1.log",
    "output_json": "results/regression/M5000/countTrue/ESR2/rfgp-none-T_DP-1.json",
    "seed": 1,
    "num_jobs": 1,
    "dataset": "dockstring",
    "target": "ESR2",
    "fp_dim": 1024,
    "binary_fps": false,
    "kernel": "T_DP",
    "num_exact_fit": 5000,
    "eval_rsgp": true,
    "rsgp_subset_sizes": [
      5000
    ],
    "fit_svgp": false,
    "svgp_num_inducing_points": 100,
    "svgp_inducing_init": "kmeans",
    "svgp_pretrain_num_steps": 100,
    "svgp_pretrain_batch_size": 4096,
    "svgp_pretrain_lr": 0.1,
    "svgp_pretrain_eval_interval": 100,
    "svgp_num_steps": 50000,
    "svgp_batch_size": 256,
    "svgp_lr": 0.001,
    "svgp_eval_interval": 1000,
    "fit_rfgp": true,
    "num_random_features": 5000,
    "tdp_bias_correction": "none",
    "tmm_distribution": "Rademacher"
  },
  "data_shapes": {
    "train": [
      221272,
      1024
    ],
    "test": [
      38879,
      1024
    ]
  },
  "gp_hparams": {
    "outputscale": 0.6698182975972705,
    "noise": 0.33938835968682574,
    "mean": -6.680052942642796
  }
}