{
  "times": {
    "make_fps": 84.6785830669105,
    "fit_subset_gp": 85.90451189689338,
    "eval_subset_gp": {
      "0;5000": 84.34012851677835
    },
    "make_random_features_train": 742.3825352620333,
    "make_random_features_test": 127.67305734939873,
    "rfgp_predictions": 91.74141709133983
  },
  "metrics": {
    "eval_subset_gp": {
      "0;5000": {
        "R2": 0.5120017608179014,
        "avg_log_prob": -1.0708444187498223,
        "mae": 0.47352673263624045,
        "mse": 0.37993401769201673
      }
    },
    "rfgp": {
      "R2": 0.5445830919755985,
      "avg_log_prob": -0.9004753290271346,
      "mae": 0.45387817086571874,
      "mse": 0.35456762278607373
    }
  },
  "args": {
    "logfile": "results/regression/M5000/countTrue/ESR2/rfgp-sketch_error-T_DP-1.log",
    "output_json": "results/regression/M5000/countTrue/ESR2/rfgp-sketch_error-T_DP-1.json",
    "seed": 1,
    "num_jobs": 1,
    "dataset": "dockstring",
    "target": "ESR2",
    "fp_dim": 1024,
    "binary_fps": false,
    "kernel": "T_DP",
    "num_exact_fit": 5000,
    "eval_rsgp": true,
    "rsgp_subset_sizes": [
      5000
    ],
    "fit_svgp": false,
    "svgp_num_inducing_points": 100,
    "svgp_inducing_init": "kmeans",
    "svgp_pretrain_num_steps": 100,
    "svgp_pretrain_batch_size": 4096,
    "svgp_pretrain_lr": 0.1,
    "svgp_pretrain_eval_interval": 100,
    "svgp_num_steps": 50000,
    "svgp_batch_size": 256,
    "svgp_lr": 0.001,
    "svgp_eval_interval": 1000,
    "fit_rfgp": true,
    "num_random_features": 5000,
    "tdp_bias_correction": "sketch_error",
    "tmm_distribution": "Rademacher"
  },
  "data_shapes": {
    "train": [
      221272,
      1024
    ],
    "test": [
      38879,
      1024
    ]
  },
  "gp_hparams": {
    "outputscale": 0.6698182975972705,
    "noise": 0.33938835968682574,
    "mean": -6.680052942642796
  }
}