{
  "times": {
    "make_fps": 95.52697407454252,
    "fit_subset_gp": 191.50695965997875,
    "eval_subset_gp": {
      "0;5000": 404.57990078628063
    },
    "make_random_features_train": 2464.5831778123975,
    "make_random_features_test": 299.03852747008204,
    "rfgp_predictions": 117.61229373142123
  },
  "metrics": {
    "eval_subset_gp": {
      "0;5000": {
        "R2": 0.5133148186357513,
        "avg_log_prob": -1.0865430550463802,
        "mae": 0.4707824002326215,
        "mse": 0.3789117284865602
      }
    },
    "rfgp": {
      "R2": 0.5185801462145603,
      "avg_log_prob": -0.9663597765866666,
      "mae": 0.4690629747815617,
      "mse": 0.37481237545439705
    }
  },
  "args": {
    "logfile": "results/regression/M5000/countTrue/ESR2/rfgp-Rademacher-T_MM-5.log",
    "output_json": "results/regression/M5000/countTrue/ESR2/rfgp-Rademacher-T_MM-5.json",
    "seed": 5,
    "num_jobs": 6,
    "dataset": "dockstring",
    "target": "ESR2",
    "fp_dim": 1024,
    "binary_fps": false,
    "kernel": "T_MM",
    "num_exact_fit": 5000,
    "eval_rsgp": true,
    "rsgp_subset_sizes": [
      5000
    ],
    "fit_svgp": false,
    "svgp_num_inducing_points": 100,
    "svgp_inducing_init": "kmeans",
    "svgp_pretrain_num_steps": 100,
    "svgp_pretrain_batch_size": 4096,
    "svgp_pretrain_lr": 0.1,
    "svgp_pretrain_eval_interval": 100,
    "svgp_num_steps": 50000,
    "svgp_batch_size": 256,
    "svgp_lr": 0.001,
    "svgp_eval_interval": 1000,
    "fit_rfgp": true,
    "num_random_features": 5000,
    "tdp_bias_correction": "normalize",
    "tmm_distribution": "Rademacher"
  },
  "data_shapes": {
    "train": [
      221272,
      1024
    ],
    "test": [
      38879,
      1024
    ]
  },
  "gp_hparams": {
    "outputscale": 0.6538637801375344,
    "noise": 0.252167297570801,
    "mean": -6.90807265195633
  }
}