{
  "times": {
    "make_fps": 93.75288747251034,
    "fit_subset_gp": 199.40268655493855,
    "eval_subset_gp": {
      "0;5000": 385.42234506458044
    },
    "make_random_features_train": 2163.0594132207334,
    "make_random_features_test": 312.64812587946653,
    "rfgp_predictions": 132.92124216631055
  },
  "metrics": {
    "eval_subset_gp": {
      "0;5000": {
        "R2": 0.5130180841496641,
        "avg_log_prob": -1.0815097405420169,
        "mae": 0.47182344224744494,
        "mse": 0.3791427529379514
      }
    },
    "rfgp": {
      "R2": 0.5153660377168869,
      "avg_log_prob": -0.9620075716909544,
      "mae": 0.47043936126710206,
      "mse": 0.3773147393089588
    }
  },
  "args": {
    "logfile": "results/regression/M5000/countTrue/ESR2/rfgp-Gaussian-T_MM-3.log",
    "output_json": "results/regression/M5000/countTrue/ESR2/rfgp-Gaussian-T_MM-3.json",
    "seed": 3,
    "num_jobs": 6,
    "dataset": "dockstring",
    "target": "ESR2",
    "fp_dim": 1024,
    "binary_fps": false,
    "kernel": "T_MM",
    "num_exact_fit": 5000,
    "eval_rsgp": true,
    "rsgp_subset_sizes": [
      5000
    ],
    "fit_svgp": false,
    "svgp_num_inducing_points": 100,
    "svgp_inducing_init": "kmeans",
    "svgp_pretrain_num_steps": 100,
    "svgp_pretrain_batch_size": 4096,
    "svgp_pretrain_lr": 0.1,
    "svgp_pretrain_eval_interval": 100,
    "svgp_num_steps": 50000,
    "svgp_batch_size": 256,
    "svgp_lr": 0.001,
    "svgp_eval_interval": 1000,
    "fit_rfgp": true,
    "num_random_features": 5000,
    "tdp_bias_correction": "normalize",
    "tmm_distribution": "Gaussian"
  },
  "data_shapes": {
    "train": [
      221272,
      1024
    ],
    "test": [
      38879,
      1024
    ]
  },
  "gp_hparams": {
    "outputscale": 0.6053901593484659,
    "noise": 0.2632857676667955,
    "mean": -6.770917909308189
  }
}