{
  "times": {
    "make_fps": 85.06638605333865,
    "fit_subset_gp": 55.77627422474325,
    "eval_subset_gp": {
      "0;5000": 65.78565855883062
    },
    "make_random_features_train": 653.92039578408,
    "make_random_features_test": 125.88868944346905,
    "rfgp_predictions": 113.09093595854938
  },
  "metrics": {
    "eval_subset_gp": {
      "0;5000": {
        "R2": 0.5076383134404121,
        "avg_log_prob": -1.0721740449068493,
        "mae": 0.47618100142680697,
        "mse": 0.3833312063701886
      }
    },
    "rfgp": {
      "R2": 0.5438861883274135,
      "avg_log_prob": -0.9058296348471808,
      "mae": 0.4549379384478249,
      "mse": 0.35511020138931393
    }
  },
  "args": {
    "logfile": "results/regression/M5000/countTrue/ESR2/rfgp-none-T_DP-3.log",
    "output_json": "results/regression/M5000/countTrue/ESR2/rfgp-none-T_DP-3.json",
    "seed": 3,
    "num_jobs": 1,
    "dataset": "dockstring",
    "target": "ESR2",
    "fp_dim": 1024,
    "binary_fps": false,
    "kernel": "T_DP",
    "num_exact_fit": 5000,
    "eval_rsgp": true,
    "rsgp_subset_sizes": [
      5000
    ],
    "fit_svgp": false,
    "svgp_num_inducing_points": 100,
    "svgp_inducing_init": "kmeans",
    "svgp_pretrain_num_steps": 100,
    "svgp_pretrain_batch_size": 4096,
    "svgp_pretrain_lr": 0.1,
    "svgp_pretrain_eval_interval": 100,
    "svgp_num_steps": 50000,
    "svgp_batch_size": 256,
    "svgp_lr": 0.001,
    "svgp_eval_interval": 1000,
    "fit_rfgp": true,
    "num_random_features": 5000,
    "tdp_bias_correction": "none",
    "tmm_distribution": "Rademacher"
  },
  "data_shapes": {
    "train": [
      221272,
      1024
    ],
    "test": [
      38879,
      1024
    ]
  },
  "gp_hparams": {
    "outputscale": 0.6641925996820455,
    "noise": 0.3042625095420117,
    "mean": -6.79470243398619
  }
}