{
  "times": {
    "make_fps": 91.40577000752091,
    "fit_subset_gp": 48.979174222797155,
    "eval_subset_gp": {
      "0;5000": 63.328150229528546
    },
    "init_inducing_points": 862.4366659317166
  },
  "metrics": {
    "eval_subset_gp": {
      "0;5000": {
        "R2": 0.5076383134404121,
        "avg_log_prob": -1.0721740449068493,
        "mae": 0.47618100142680697,
        "mse": 0.3833312063701886
      }
    },
    "svgp": [
      {
        "n_opt_steps": 22,
        "train_time": 764.4608544167131,
        "eval_time": 35.08061982691288,
        "metrics": {
          "R2": 0.5814363168252419,
          "avg_log_prob": -0.8751723482727742,
          "mae": 0.4323027011726803,
          "mse": 0.32587531888452737
        }
      }
    ]
  },
  "args": {
    "logfile": "results/regression/M5000/countTrue/ESR2/svgp-T_DP-3.log",
    "output_json": "results/regression/M5000/countTrue/ESR2/svgp-T_DP-3.json",
    "seed": 3,
    "num_jobs": 1,
    "dataset": "dockstring",
    "target": "ESR2",
    "fp_dim": 1024,
    "binary_fps": false,
    "kernel": "T_DP",
    "num_exact_fit": 5000,
    "eval_rsgp": true,
    "rsgp_subset_sizes": [
      5000
    ],
    "fit_svgp": true,
    "svgp_num_inducing_points": 5000,
    "svgp_inducing_init": "kmeans",
    "svgp_pretrain_num_steps": 22,
    "svgp_pretrain_batch_size": 10000,
    "svgp_pretrain_lr": 0.1,
    "svgp_pretrain_eval_interval": 22,
    "svgp_num_steps": 0,
    "svgp_batch_size": 256,
    "svgp_lr": 0.001,
    "svgp_eval_interval": 1000,
    "fit_rfgp": false,
    "num_random_features": 1000,
    "tdp_bias_correction": "normalize",
    "tmm_distribution": "Rademacher"
  },
  "data_shapes": {
    "train": [
      221272,
      1024
    ],
    "test": [
      38879,
      1024
    ]
  },
  "gp_hparams": {
    "outputscale": 0.6641925996820455,
    "noise": 0.3042625095420117,
    "mean": -6.79470243398619
  }
}