{
  "times": {
    "make_fps": 81.2798781953752,
    "fit_subset_gp": 63.59120006300509,
    "eval_subset_gp": {
      "0;5000": 66.39288142696023
    },
    "init_inducing_points": 598.7898901998997
  },
  "metrics": {
    "eval_subset_gp": {
      "0;5000": {
        "R2": 0.5171221558545824,
        "avg_log_prob": -1.0742685048893847,
        "mae": 0.46992558874445367,
        "mse": 0.3759475027781165
      }
    },
    "svgp": [
      {
        "n_opt_steps": 22,
        "train_time": 575.0821203067899,
        "eval_time": 29.28972590714693,
        "metrics": {
          "R2": 0.5820989658244973,
          "avg_log_prob": -0.8783263828028202,
          "mae": 0.4317390719130125,
          "mse": 0.32535940944799197
        }
      }
    ]
  },
  "args": {
    "logfile": "results/regression/M5000/countTrue/ESR2/svgp-T_DP-4.log",
    "output_json": "results/regression/M5000/countTrue/ESR2/svgp-T_DP-4.json",
    "seed": 4,
    "num_jobs": 1,
    "dataset": "dockstring",
    "target": "ESR2",
    "fp_dim": 1024,
    "binary_fps": false,
    "kernel": "T_DP",
    "num_exact_fit": 5000,
    "eval_rsgp": true,
    "rsgp_subset_sizes": [
      5000
    ],
    "fit_svgp": true,
    "svgp_num_inducing_points": 5000,
    "svgp_inducing_init": "kmeans",
    "svgp_pretrain_num_steps": 22,
    "svgp_pretrain_batch_size": 10000,
    "svgp_pretrain_lr": 0.1,
    "svgp_pretrain_eval_interval": 22,
    "svgp_num_steps": 0,
    "svgp_batch_size": 256,
    "svgp_lr": 0.001,
    "svgp_eval_interval": 1000,
    "fit_rfgp": false,
    "num_random_features": 1000,
    "tdp_bias_correction": "normalize",
    "tmm_distribution": "Rademacher"
  },
  "data_shapes": {
    "train": [
      221272,
      1024
    ],
    "test": [
      38879,
      1024
    ]
  },
  "gp_hparams": {
    "outputscale": 0.7447905639805307,
    "noise": 0.30251138336905564,
    "mean": -6.683921171262004
  }
}