{
  "times": {
    "make_fps": 92.17396281659603,
    "fit_subset_gp": 159.1046862024814,
    "eval_subset_gp": {
      "0;5000": 386.1962873265147
    },
    "init_inducing_points": 1840.1958952732384
  },
  "metrics": {
    "eval_subset_gp": {
      "0;5000": {
        "R2": 0.5135539555370974,
        "avg_log_prob": -1.0870087331387774,
        "mae": 0.4702858850591895,
        "mse": 0.3787255469875059
      }
    },
    "svgp": [
      {
        "n_opt_steps": 22,
        "train_time": 1354.985656844452,
        "eval_time": 86.3719709534198,
        "metrics": {
          "R2": 0.5790890689998229,
          "avg_log_prob": -0.9077393308150854,
          "mae": 0.4326591479097751,
          "mse": 0.3277027830539165
        }
      }
    ]
  },
  "args": {
    "logfile": "results/regression/M5000/countTrue/ESR2/svgp-T_MM-4.log",
    "output_json": "results/regression/M5000/countTrue/ESR2/svgp-T_MM-4.json",
    "seed": 4,
    "num_jobs": 1,
    "dataset": "dockstring",
    "target": "ESR2",
    "fp_dim": 1024,
    "binary_fps": false,
    "kernel": "T_MM",
    "num_exact_fit": 5000,
    "eval_rsgp": true,
    "rsgp_subset_sizes": [
      5000
    ],
    "fit_svgp": true,
    "svgp_num_inducing_points": 5000,
    "svgp_inducing_init": "kmeans",
    "svgp_pretrain_num_steps": 22,
    "svgp_pretrain_batch_size": 10000,
    "svgp_pretrain_lr": 0.1,
    "svgp_pretrain_eval_interval": 22,
    "svgp_num_steps": 0,
    "svgp_batch_size": 256,
    "svgp_lr": 0.001,
    "svgp_eval_interval": 1000,
    "fit_rfgp": false,
    "num_random_features": 1000,
    "tdp_bias_correction": "normalize",
    "tmm_distribution": "Rademacher"
  },
  "data_shapes": {
    "train": [
      221272,
      1024
    ],
    "test": [
      38879,
      1024
    ]
  },
  "gp_hparams": {
    "outputscale": 0.6609353357342684,
    "noise": 0.26218264349792164,
    "mean": -6.8064498260035045
  }
}