{
  "times": {
    "make_fps": 95.15390622243285,
    "fit_subset_gp": 85.90115727111697,
    "eval_subset_gp": {
      "0;5000": 86.02797874063253
    },
    "init_inducing_points": 643.4915675446391
  },
  "metrics": {
    "eval_subset_gp": {
      "0;5000": {
        "R2": 0.5147459768841762,
        "avg_log_prob": -1.0778189261495668,
        "mae": 0.4729550821042944,
        "mse": 0.37779749146761427
      }
    },
    "svgp": [
      {
        "n_opt_steps": 22,
        "train_time": 719.3829048760235,
        "eval_time": 49.780881552025676,
        "metrics": {
          "R2": 0.5793345019616576,
          "avg_log_prob": -0.8848765577752067,
          "mae": 0.4341328257766172,
          "mse": 0.32751169971841065
        }
      }
    ]
  },
  "args": {
    "logfile": "results/regression/M5000/countTrue/ESR2/svgp-T_DP-2.log",
    "output_json": "results/regression/M5000/countTrue/ESR2/svgp-T_DP-2.json",
    "seed": 2,
    "num_jobs": 1,
    "dataset": "dockstring",
    "target": "ESR2",
    "fp_dim": 1024,
    "binary_fps": false,
    "kernel": "T_DP",
    "num_exact_fit": 5000,
    "eval_rsgp": true,
    "rsgp_subset_sizes": [
      5000
    ],
    "fit_svgp": true,
    "svgp_num_inducing_points": 5000,
    "svgp_inducing_init": "kmeans",
    "svgp_pretrain_num_steps": 22,
    "svgp_pretrain_batch_size": 10000,
    "svgp_pretrain_lr": 0.1,
    "svgp_pretrain_eval_interval": 22,
    "svgp_num_steps": 0,
    "svgp_batch_size": 256,
    "svgp_lr": 0.001,
    "svgp_eval_interval": 1000,
    "fit_rfgp": false,
    "num_random_features": 1000,
    "tdp_bias_correction": "normalize",
    "tmm_distribution": "Rademacher"
  },
  "data_shapes": {
    "train": [
      221272,
      1024
    ],
    "test": [
      38879,
      1024
    ]
  },
  "gp_hparams": {
    "outputscale": 0.7823521664238535,
    "noise": 0.3108946111625316,
    "mean": -6.833061005121373
  }
}