{
  "times": {
    "make_fps": 95.5657602250576,
    "fit_subset_gp": 192.1405123565346,
    "eval_subset_gp": {
      "0;5000": 372.72665538825095
    },
    "init_inducing_points": 1105.9553037565202
  },
  "metrics": {
    "eval_subset_gp": {
      "0;5000": {
        "R2": 0.5133148186357513,
        "avg_log_prob": -1.0865430550463802,
        "mae": 0.4707824002326215,
        "mse": 0.3789117284865602
      }
    },
    "svgp": [
      {
        "n_opt_steps": 22,
        "train_time": 1271.298379106447,
        "eval_time": 93.88536287285388,
        "metrics": {
          "R2": 0.5773074327302304,
          "avg_log_prob": -0.9043337270052417,
          "mae": 0.43393083121437726,
          "mse": 0.3290898868826242
        }
      }
    ]
  },
  "args": {
    "logfile": "results/regression/M5000/countTrue/ESR2/svgp-T_MM-5.log",
    "output_json": "results/regression/M5000/countTrue/ESR2/svgp-T_MM-5.json",
    "seed": 5,
    "num_jobs": 1,
    "dataset": "dockstring",
    "target": "ESR2",
    "fp_dim": 1024,
    "binary_fps": false,
    "kernel": "T_MM",
    "num_exact_fit": 5000,
    "eval_rsgp": true,
    "rsgp_subset_sizes": [
      5000
    ],
    "fit_svgp": true,
    "svgp_num_inducing_points": 5000,
    "svgp_inducing_init": "kmeans",
    "svgp_pretrain_num_steps": 22,
    "svgp_pretrain_batch_size": 10000,
    "svgp_pretrain_lr": 0.1,
    "svgp_pretrain_eval_interval": 22,
    "svgp_num_steps": 0,
    "svgp_batch_size": 256,
    "svgp_lr": 0.001,
    "svgp_eval_interval": 1000,
    "fit_rfgp": false,
    "num_random_features": 1000,
    "tdp_bias_correction": "normalize",
    "tmm_distribution": "Rademacher"
  },
  "data_shapes": {
    "train": [
      221272,
      1024
    ],
    "test": [
      38879,
      1024
    ]
  },
  "gp_hparams": {
    "outputscale": 0.6538637801375344,
    "noise": 0.252167297570801,
    "mean": -6.90807265195633
  }
}