{
  "times": {
    "make_fps": 85.6187601108104,
    "fit_subset_gp": 92.52931842021644,
    "eval_subset_gp": {
      "0;5000": 88.15512317232788
    },
    "init_inducing_points": 770.9333366267383
  },
  "metrics": {
    "eval_subset_gp": {
      "0;5000": {
        "R2": 0.5114904923968993,
        "avg_log_prob": -1.072117770160881,
        "mae": 0.4730645150963076,
        "mse": 0.38033206885227494
      }
    },
    "svgp": [
      {
        "n_opt_steps": 22,
        "train_time": 671.7433367203921,
        "eval_time": 69.888223933056,
        "metrics": {
          "R2": 0.5813211347929095,
          "avg_log_prob": -0.8762734715446291,
          "mae": 0.43268508594893923,
          "mse": 0.3259649945611924
        }
      }
    ]
  },
  "args": {
    "logfile": "results/regression/M5000/countTrue/ESR2/svgp-T_DP-5.log",
    "output_json": "results/regression/M5000/countTrue/ESR2/svgp-T_DP-5.json",
    "seed": 5,
    "num_jobs": 1,
    "dataset": "dockstring",
    "target": "ESR2",
    "fp_dim": 1024,
    "binary_fps": false,
    "kernel": "T_DP",
    "num_exact_fit": 5000,
    "eval_rsgp": true,
    "rsgp_subset_sizes": [
      5000
    ],
    "fit_svgp": true,
    "svgp_num_inducing_points": 5000,
    "svgp_inducing_init": "kmeans",
    "svgp_pretrain_num_steps": 22,
    "svgp_pretrain_batch_size": 10000,
    "svgp_pretrain_lr": 0.1,
    "svgp_pretrain_eval_interval": 22,
    "svgp_num_steps": 0,
    "svgp_batch_size": 256,
    "svgp_lr": 0.001,
    "svgp_eval_interval": 1000,
    "fit_rfgp": false,
    "num_random_features": 1000,
    "tdp_bias_correction": "normalize",
    "tmm_distribution": "Rademacher"
  },
  "data_shapes": {
    "train": [
      221272,
      1024
    ],
    "test": [
      38879,
      1024
    ]
  },
  "gp_hparams": {
    "outputscale": 0.6829261499995487,
    "noise": 0.30401096836517344,
    "mean": -6.917336799229834
  }
}