{
  "times": {
    "make_fps": 78.43982756510377,
    "fit_subset_gp": 170.50033292546868,
    "eval_subset_gp": {
      "0;5000": 408.7438013628125
    },
    "init_inducing_points": 1403.1224996633828
  },
  "metrics": {
    "eval_subset_gp": {
      "0;5000": {
        "R2": 0.51733446228391,
        "avg_log_prob": -1.0886789485196136,
        "mae": 0.4694749544421274,
        "mse": 0.375782210307366
      }
    },
    "svgp": [
      {
        "n_opt_steps": 22,
        "train_time": 1340.3639992494136,
        "eval_time": 130.4702936988324,
        "metrics": {
          "R2": 0.5774091566656022,
          "avg_log_prob": -0.9154829734749618,
          "mae": 0.43375426344644424,
          "mse": 0.3290106890897673
        }
      }
    ]
  },
  "args": {
    "logfile": "results/regression/M5000/countTrue/ESR2/svgp-T_MM-2.log",
    "output_json": "results/regression/M5000/countTrue/ESR2/svgp-T_MM-2.json",
    "seed": 2,
    "num_jobs": 1,
    "dataset": "dockstring",
    "target": "ESR2",
    "fp_dim": 1024,
    "binary_fps": false,
    "kernel": "T_MM",
    "num_exact_fit": 5000,
    "eval_rsgp": true,
    "rsgp_subset_sizes": [
      5000
    ],
    "fit_svgp": true,
    "svgp_num_inducing_points": 5000,
    "svgp_inducing_init": "kmeans",
    "svgp_pretrain_num_steps": 22,
    "svgp_pretrain_batch_size": 10000,
    "svgp_pretrain_lr": 0.1,
    "svgp_pretrain_eval_interval": 22,
    "svgp_num_steps": 0,
    "svgp_batch_size": 256,
    "svgp_lr": 0.001,
    "svgp_eval_interval": 1000,
    "fit_rfgp": false,
    "num_random_features": 1000,
    "tdp_bias_correction": "normalize",
    "tmm_distribution": "Rademacher"
  },
  "data_shapes": {
    "train": [
      221272,
      1024
    ],
    "test": [
      38879,
      1024
    ]
  },
  "gp_hparams": {
    "outputscale": 0.6928656706011962,
    "noise": 0.2691868285416158,
    "mean": -6.792952047137124
  }
}