{
  "times": {
    "make_fps": 78.02572631277144,
    "fit_subset_gp": 185.91592531651258,
    "eval_subset_gp": {
      "0;5000": 378.7291797157377
    },
    "init_inducing_points": 1611.3413168732077
  },
  "metrics": {
    "eval_subset_gp": {
      "0;5000": {
        "R2": 0.5130180841496641,
        "avg_log_prob": -1.0815097405420169,
        "mae": 0.47182344224744494,
        "mse": 0.3791427529379514
      }
    },
    "svgp": [
      {
        "n_opt_steps": 22,
        "train_time": 1559.1243237033486,
        "eval_time": 100.87964979745448,
        "metrics": {
          "R2": 0.5781459334833036,
          "avg_log_prob": -0.9011619830721603,
          "mae": 0.43368984648644965,
          "mse": 0.3284370669862106
        }
      }
    ]
  },
  "args": {
    "logfile": "results/regression/M5000/countTrue/ESR2/svgp-T_MM-3.log",
    "output_json": "results/regression/M5000/countTrue/ESR2/svgp-T_MM-3.json",
    "seed": 3,
    "num_jobs": 1,
    "dataset": "dockstring",
    "target": "ESR2",
    "fp_dim": 1024,
    "binary_fps": false,
    "kernel": "T_MM",
    "num_exact_fit": 5000,
    "eval_rsgp": true,
    "rsgp_subset_sizes": [
      5000
    ],
    "fit_svgp": true,
    "svgp_num_inducing_points": 5000,
    "svgp_inducing_init": "kmeans",
    "svgp_pretrain_num_steps": 22,
    "svgp_pretrain_batch_size": 10000,
    "svgp_pretrain_lr": 0.1,
    "svgp_pretrain_eval_interval": 22,
    "svgp_num_steps": 0,
    "svgp_batch_size": 256,
    "svgp_lr": 0.001,
    "svgp_eval_interval": 1000,
    "fit_rfgp": false,
    "num_random_features": 1000,
    "tdp_bias_correction": "normalize",
    "tmm_distribution": "Rademacher"
  },
  "data_shapes": {
    "train": [
      221272,
      1024
    ],
    "test": [
      38879,
      1024
    ]
  },
  "gp_hparams": {
    "outputscale": 0.6053901593484659,
    "noise": 0.2632857676667955,
    "mean": -6.770917909308189
  }
}