{
  "times": {
    "make_fps": 83.86574250459671,
    "fit_subset_gp": 62.43272848986089,
    "eval_subset_gp": {
      "0;5000": 72.63254312425852
    },
    "make_random_features_train": 738.1723047439009,
    "make_random_features_test": 110.82505184598267,
    "rfgp_predictions": 136.81755646690726
  },
  "metrics": {
    "eval_subset_gp": {
      "0;5000": {
        "R2": 0.3918773649735716,
        "avg_log_prob": -1.180465258841187,
        "mae": 0.5988884568118524,
        "mse": 0.5672033385013605
      }
    },
    "rfgp": {
      "R2": 0.5083857193894469,
      "avg_log_prob": -1.0288399074599364,
      "mae": 0.5294699245309605,
      "mse": 0.4585345868685386
    }
  },
  "args": {
    "logfile": "results/regression/M5000/countTrue/PGR/rfgp-sketch_error-T_DP-2.log",
    "output_json": "results/regression/M5000/countTrue/PGR/rfgp-sketch_error-T_DP-2.json",
    "seed": 2,
    "num_jobs": 1,
    "dataset": "dockstring",
    "target": "PGR",
    "fp_dim": 1024,
    "binary_fps": false,
    "kernel": "T_DP",
    "num_exact_fit": 5000,
    "eval_rsgp": true,
    "rsgp_subset_sizes": [
      5000
    ],
    "fit_svgp": false,
    "svgp_num_inducing_points": 100,
    "svgp_inducing_init": "kmeans",
    "svgp_pretrain_num_steps": 100,
    "svgp_pretrain_batch_size": 4096,
    "svgp_pretrain_lr": 0.1,
    "svgp_pretrain_eval_interval": 100,
    "svgp_num_steps": 50000,
    "svgp_batch_size": 256,
    "svgp_lr": 0.001,
    "svgp_eval_interval": 1000,
    "fit_rfgp": true,
    "num_random_features": 5000,
    "tdp_bias_correction": "sketch_error",
    "tmm_distribution": "Rademacher"
  },
  "data_shapes": {
    "train": [
      221272,
      1024
    ],
    "test": [
      38879,
      1024
    ]
  },
  "gp_hparams": {
    "outputscale": 0.792934042805467,
    "noise": 0.43930638273513495,
    "mean": -6.293311131117313
  }
}