{
  "times": {
    "make_fps": 88.1662259157747,
    "fit_subset_gp": 197.68870912119746,
    "eval_subset_gp": {
      "0;5000": 373.8757259976119
    },
    "make_random_features_train": 2143.4397475868464,
    "make_random_features_test": 328.55862846784294,
    "rfgp_predictions": 112.45072435587645
  },
  "metrics": {
    "eval_subset_gp": {
      "0;5000": {
        "R2": 0.4370708296546225,
        "avg_log_prob": -1.1805867913724164,
        "mae": 0.5734106949387598,
        "mse": 0.5250508472617911
      }
    },
    "rfgp": {
      "R2": 0.46510938697205884,
      "avg_log_prob": -1.1407626668171,
      "mae": 0.5525265767523033,
      "mse": 0.4988989456531287
    }
  },
  "args": {
    "logfile": "results/regression/M5000/countTrue/PGR/rfgp-Gaussian-T_MM-4.log",
    "output_json": "results/regression/M5000/countTrue/PGR/rfgp-Gaussian-T_MM-4.json",
    "seed": 4,
    "num_jobs": 6,
    "dataset": "dockstring",
    "target": "PGR",
    "fp_dim": 1024,
    "binary_fps": false,
    "kernel": "T_MM",
    "num_exact_fit": 5000,
    "eval_rsgp": true,
    "rsgp_subset_sizes": [
      5000
    ],
    "fit_svgp": false,
    "svgp_num_inducing_points": 100,
    "svgp_inducing_init": "kmeans",
    "svgp_pretrain_num_steps": 100,
    "svgp_pretrain_batch_size": 4096,
    "svgp_pretrain_lr": 0.1,
    "svgp_pretrain_eval_interval": 100,
    "svgp_num_steps": 50000,
    "svgp_batch_size": 256,
    "svgp_lr": 0.001,
    "svgp_eval_interval": 1000,
    "fit_rfgp": true,
    "num_random_features": 5000,
    "tdp_bias_correction": "normalize",
    "tmm_distribution": "Gaussian"
  },
  "data_shapes": {
    "train": [
      221272,
      1024
    ],
    "test": [
      38879,
      1024
    ]
  },
  "gp_hparams": {
    "outputscale": 0.9009022025901463,
    "noise": 0.2977559311956018,
    "mean": -6.7609032005995005
  }
}