{
  "times": {
    "make_fps": 121.1126598007977,
    "fit_subset_gp": 218.67281411588192,
    "eval_subset_gp": {
      "0;5000": 441.49438876472414
    },
    "make_random_features_train": 3060.833663871512,
    "make_random_features_test": 371.49773491732776,
    "rfgp_predictions": 163.6237226445228
  },
  "metrics": {
    "eval_subset_gp": {
      "0;5000": {
        "R2": 0.43071159868526554,
        "avg_log_prob": -1.1765657571419348,
        "mae": 0.5769717253052155,
        "mse": 0.5309821789182155
      }
    },
    "rfgp": {
      "R2": 0.4746329142844584,
      "avg_log_prob": -1.084311848816868,
      "mae": 0.5474896271706396,
      "mse": 0.49001623651722037
    }
  },
  "args": {
    "logfile": "results/regression/M5000/countTrue/PGR/rfgp-Gaussian-T_MM-2.log",
    "output_json": "results/regression/M5000/countTrue/PGR/rfgp-Gaussian-T_MM-2.json",
    "seed": 2,
    "num_jobs": 6,
    "dataset": "dockstring",
    "target": "PGR",
    "fp_dim": 1024,
    "binary_fps": false,
    "kernel": "T_MM",
    "num_exact_fit": 5000,
    "eval_rsgp": true,
    "rsgp_subset_sizes": [
      5000
    ],
    "fit_svgp": false,
    "svgp_num_inducing_points": 100,
    "svgp_inducing_init": "kmeans",
    "svgp_pretrain_num_steps": 100,
    "svgp_pretrain_batch_size": 4096,
    "svgp_pretrain_lr": 0.1,
    "svgp_pretrain_eval_interval": 100,
    "svgp_num_steps": 50000,
    "svgp_batch_size": 256,
    "svgp_lr": 0.001,
    "svgp_eval_interval": 1000,
    "fit_rfgp": true,
    "num_random_features": 5000,
    "tdp_bias_correction": "normalize",
    "tmm_distribution": "Gaussian"
  },
  "data_shapes": {
    "train": [
      221272,
      1024
    ],
    "test": [
      38879,
      1024
    ]
  },
  "gp_hparams": {
    "outputscale": 0.797224490893557,
    "noise": 0.357551003144168,
    "mean": -6.677982133271246
  }
}