{
  "times": {
    "make_fps": 124.44401575066149,
    "fit_subset_gp": 185.89103416725993,
    "eval_subset_gp": {
      "0;5000": 397.0808237604797
    },
    "make_random_features_train": 2471.705081673339,
    "make_random_features_test": 338.6961955204606,
    "rfgp_predictions": 96.12429336830974
  },
  "metrics": {
    "eval_subset_gp": {
      "0;5000": {
        "R2": 0.4370708296546225,
        "avg_log_prob": -1.1805867913724164,
        "mae": 0.5734106949387598,
        "mse": 0.5250508472617911
      }
    },
    "rfgp": {
      "R2": 0.46585480026114146,
      "avg_log_prob": -1.1396794869193507,
      "mae": 0.5522956266508108,
      "mse": 0.49820368966070455
    }
  },
  "args": {
    "logfile": "results/regression/M5000/countTrue/PGR/rfgp-Rademacher-T_MM-4.log",
    "output_json": "results/regression/M5000/countTrue/PGR/rfgp-Rademacher-T_MM-4.json",
    "seed": 4,
    "num_jobs": 6,
    "dataset": "dockstring",
    "target": "PGR",
    "fp_dim": 1024,
    "binary_fps": false,
    "kernel": "T_MM",
    "num_exact_fit": 5000,
    "eval_rsgp": true,
    "rsgp_subset_sizes": [
      5000
    ],
    "fit_svgp": false,
    "svgp_num_inducing_points": 100,
    "svgp_inducing_init": "kmeans",
    "svgp_pretrain_num_steps": 100,
    "svgp_pretrain_batch_size": 4096,
    "svgp_pretrain_lr": 0.1,
    "svgp_pretrain_eval_interval": 100,
    "svgp_num_steps": 50000,
    "svgp_batch_size": 256,
    "svgp_lr": 0.001,
    "svgp_eval_interval": 1000,
    "fit_rfgp": true,
    "num_random_features": 5000,
    "tdp_bias_correction": "normalize",
    "tmm_distribution": "Rademacher"
  },
  "data_shapes": {
    "train": [
      221272,
      1024
    ],
    "test": [
      38879,
      1024
    ]
  },
  "gp_hparams": {
    "outputscale": 0.9009022025901463,
    "noise": 0.2977559311956018,
    "mean": -6.7609032005995005
  }
}