{
  "times": {
    "make_fps": 88.55855284258723,
    "fit_subset_gp": 71.43032983317971,
    "eval_subset_gp": {
      "0;5000": 89.96916536428034
    },
    "make_random_features_train": 673.7128925733268,
    "make_random_features_test": 121.82251835241914,
    "rfgp_predictions": 139.0624079555273
  },
  "metrics": {
    "eval_subset_gp": {
      "0;5000": {
        "R2": 0.3795484994970475,
        "avg_log_prob": -1.1892928704560113,
        "mae": 0.6047194770481606,
        "mse": 0.5787026204807506
      }
    },
    "rfgp": {
      "R2": 0.5116352563231743,
      "avg_log_prob": -1.0316893980168829,
      "mae": 0.5272401416046505,
      "mse": 0.4555037044589181
    }
  },
  "args": {
    "logfile": "results/regression/M5000/countTrue/PGR/rfgp-normalize-T_DP-5.log",
    "output_json": "results/regression/M5000/countTrue/PGR/rfgp-normalize-T_DP-5.json",
    "seed": 5,
    "num_jobs": 1,
    "dataset": "dockstring",
    "target": "PGR",
    "fp_dim": 1024,
    "binary_fps": false,
    "kernel": "T_DP",
    "num_exact_fit": 5000,
    "eval_rsgp": true,
    "rsgp_subset_sizes": [
      5000
    ],
    "fit_svgp": false,
    "svgp_num_inducing_points": 100,
    "svgp_inducing_init": "kmeans",
    "svgp_pretrain_num_steps": 100,
    "svgp_pretrain_batch_size": 4096,
    "svgp_pretrain_lr": 0.1,
    "svgp_pretrain_eval_interval": 100,
    "svgp_num_steps": 50000,
    "svgp_batch_size": 256,
    "svgp_lr": 0.001,
    "svgp_eval_interval": 1000,
    "fit_rfgp": true,
    "num_random_features": 5000,
    "tdp_bias_correction": "normalize",
    "tmm_distribution": "Rademacher"
  },
  "data_shapes": {
    "train": [
      221272,
      1024
    ],
    "test": [
      38879,
      1024
    ]
  },
  "gp_hparams": {
    "outputscale": 0.8466081911314474,
    "noise": 0.3822852592662016,
    "mean": -6.158010105702014
  }
}