{
  "times": {
    "make_fps": 87.4927947241813,
    "fit_subset_gp": 81.6751462277025,
    "eval_subset_gp": {
      "0;5000": 81.15773042105138
    },
    "make_random_features_train": 700.1047533452511,
    "make_random_features_test": 107.22171383351088,
    "rfgp_predictions": 89.17022341117263
  },
  "metrics": {
    "eval_subset_gp": {
      "0;5000": {
        "R2": 0.3839998921300035,
        "avg_log_prob": -1.1869022572607728,
        "mae": 0.6033886257609211,
        "mse": 0.5745507527209142
      }
    },
    "rfgp": {
      "R2": 0.5107047630429435,
      "avg_log_prob": -1.0277213741781825,
      "mae": 0.5269251037073953,
      "mse": 0.4563715867981062
    }
  },
  "args": {
    "logfile": "results/regression/M5000/countTrue/PGR/rfgp-normalize-T_DP-1.log",
    "output_json": "results/regression/M5000/countTrue/PGR/rfgp-normalize-T_DP-1.json",
    "seed": 1,
    "num_jobs": 1,
    "dataset": "dockstring",
    "target": "PGR",
    "fp_dim": 1024,
    "binary_fps": false,
    "kernel": "T_DP",
    "num_exact_fit": 5000,
    "eval_rsgp": true,
    "rsgp_subset_sizes": [
      5000
    ],
    "fit_svgp": false,
    "svgp_num_inducing_points": 100,
    "svgp_inducing_init": "kmeans",
    "svgp_pretrain_num_steps": 100,
    "svgp_pretrain_batch_size": 4096,
    "svgp_pretrain_lr": 0.1,
    "svgp_pretrain_eval_interval": 100,
    "svgp_num_steps": 50000,
    "svgp_batch_size": 256,
    "svgp_lr": 0.001,
    "svgp_eval_interval": 1000,
    "fit_rfgp": true,
    "num_random_features": 5000,
    "tdp_bias_correction": "normalize",
    "tmm_distribution": "Rademacher"
  },
  "data_shapes": {
    "train": [
      221272,
      1024
    ],
    "test": [
      38879,
      1024
    ]
  },
  "gp_hparams": {
    "outputscale": 0.8431492143545534,
    "noise": 0.4156099510442498,
    "mean": -6.127382051498711
  }
}