{
  "times": {
    "make_fps": 81.40124984830618,
    "fit_subset_gp": 155.62833279184997,
    "eval_subset_gp": {
      "0;5000": 373.1484892331064
    },
    "make_random_features_train": 2819.921298496425,
    "make_random_features_test": 325.4523812122643,
    "rfgp_predictions": 130.62193658947945
  },
  "metrics": {
    "eval_subset_gp": {
      "0;5000": {
        "R2": 0.41495703009195994,
        "avg_log_prob": -1.191623443193838,
        "mae": 0.5845701519480425,
        "mse": 0.5456766556373452
      }
    },
    "rfgp": {
      "R2": 0.46298392528145305,
      "avg_log_prob": -1.1529072794739166,
      "mae": 0.5549182612108947,
      "mse": 0.5008813894848996
    }
  },
  "args": {
    "logfile": "results/regression/M5000/countTrue/PGR/rfgp-Rademacher-T_MM-3.log",
    "output_json": "results/regression/M5000/countTrue/PGR/rfgp-Rademacher-T_MM-3.json",
    "seed": 3,
    "num_jobs": 6,
    "dataset": "dockstring",
    "target": "PGR",
    "fp_dim": 1024,
    "binary_fps": false,
    "kernel": "T_MM",
    "num_exact_fit": 5000,
    "eval_rsgp": true,
    "rsgp_subset_sizes": [
      5000
    ],
    "fit_svgp": false,
    "svgp_num_inducing_points": 100,
    "svgp_inducing_init": "kmeans",
    "svgp_pretrain_num_steps": 100,
    "svgp_pretrain_batch_size": 4096,
    "svgp_pretrain_lr": 0.1,
    "svgp_pretrain_eval_interval": 100,
    "svgp_num_steps": 50000,
    "svgp_batch_size": 256,
    "svgp_lr": 0.001,
    "svgp_eval_interval": 1000,
    "fit_rfgp": true,
    "num_random_features": 5000,
    "tdp_bias_correction": "normalize",
    "tmm_distribution": "Rademacher"
  },
  "data_shapes": {
    "train": [
      221272,
      1024
    ],
    "test": [
      38879,
      1024
    ]
  },
  "gp_hparams": {
    "outputscale": 0.9155692666694126,
    "noise": 0.2898895121442192,
    "mean": -6.629307143612338
  }
}