{
  "times": {
    "make_fps": 86.57188568264246,
    "fit_subset_gp": 89.79720624350011,
    "eval_subset_gp": {
      "0;5000": 94.68646260164678
    },
    "make_random_features_train": 748.8384117502719,
    "make_random_features_test": 101.95749640464783,
    "rfgp_predictions": 81.60037786141038
  },
  "metrics": {
    "eval_subset_gp": {
      "0;5000": {
        "R2": 0.3839998921300035,
        "avg_log_prob": -1.1869022572607728,
        "mae": 0.6033886257609211,
        "mse": 0.5745507527209142
      }
    },
    "rfgp": {
      "R2": 0.5101576877868145,
      "avg_log_prob": -1.028350146890676,
      "mae": 0.5273384082942505,
      "mse": 0.4568818505077844
    }
  },
  "args": {
    "logfile": "results/regression/M5000/countTrue/PGR/rfgp-none-T_DP-1.log",
    "output_json": "results/regression/M5000/countTrue/PGR/rfgp-none-T_DP-1.json",
    "seed": 1,
    "num_jobs": 1,
    "dataset": "dockstring",
    "target": "PGR",
    "fp_dim": 1024,
    "binary_fps": false,
    "kernel": "T_DP",
    "num_exact_fit": 5000,
    "eval_rsgp": true,
    "rsgp_subset_sizes": [
      5000
    ],
    "fit_svgp": false,
    "svgp_num_inducing_points": 100,
    "svgp_inducing_init": "kmeans",
    "svgp_pretrain_num_steps": 100,
    "svgp_pretrain_batch_size": 4096,
    "svgp_pretrain_lr": 0.1,
    "svgp_pretrain_eval_interval": 100,
    "svgp_num_steps": 50000,
    "svgp_batch_size": 256,
    "svgp_lr": 0.001,
    "svgp_eval_interval": 1000,
    "fit_rfgp": true,
    "num_random_features": 5000,
    "tdp_bias_correction": "none",
    "tmm_distribution": "Rademacher"
  },
  "data_shapes": {
    "train": [
      221272,
      1024
    ],
    "test": [
      38879,
      1024
    ]
  },
  "gp_hparams": {
    "outputscale": 0.8431492143545534,
    "noise": 0.4156099510442498,
    "mean": -6.127382051498711
  }
}