{
  "times": {
    "make_fps": 92.00504784099758,
    "fit_subset_gp": 147.051241023466,
    "eval_subset_gp": {
      "0;5000": 477.8781582284719
    },
    "make_random_features_train": 2576.545108128339,
    "make_random_features_test": 416.7029158845544,
    "rfgp_predictions": 126.26822546869516
  },
  "metrics": {
    "eval_subset_gp": {
      "0;5000": {
        "R2": 0.42626614585795997,
        "avg_log_prob": -1.1806552737438913,
        "mae": 0.5800834451989679,
        "mse": 0.5351285065494645
      }
    },
    "rfgp": {
      "R2": 0.46916898838576104,
      "avg_log_prob": -1.1035313107213147,
      "mae": 0.5499141105816905,
      "mse": 0.4951125063032159
    }
  },
  "args": {
    "logfile": "results/regression/M5000/countTrue/PGR/rfgp-Rademacher-T_MM-1.log",
    "output_json": "results/regression/M5000/countTrue/PGR/rfgp-Rademacher-T_MM-1.json",
    "seed": 1,
    "num_jobs": 6,
    "dataset": "dockstring",
    "target": "PGR",
    "fp_dim": 1024,
    "binary_fps": false,
    "kernel": "T_MM",
    "num_exact_fit": 5000,
    "eval_rsgp": true,
    "rsgp_subset_sizes": [
      5000
    ],
    "fit_svgp": false,
    "svgp_num_inducing_points": 100,
    "svgp_inducing_init": "kmeans",
    "svgp_pretrain_num_steps": 100,
    "svgp_pretrain_batch_size": 4096,
    "svgp_pretrain_lr": 0.1,
    "svgp_pretrain_eval_interval": 100,
    "svgp_num_steps": 50000,
    "svgp_batch_size": 256,
    "svgp_lr": 0.001,
    "svgp_eval_interval": 1000,
    "fit_rfgp": true,
    "num_random_features": 5000,
    "tdp_bias_correction": "normalize",
    "tmm_distribution": "Rademacher"
  },
  "data_shapes": {
    "train": [
      221272,
      1024
    ],
    "test": [
      38879,
      1024
    ]
  },
  "gp_hparams": {
    "outputscale": 0.8259788651186148,
    "noise": 0.3353792838862658,
    "mean": -6.604924713708136
  }
}