{
  "times": {
    "make_fps": 100.82392065599561,
    "fit_subset_gp": 189.85376592352986,
    "eval_subset_gp": {
      "0;5000": 400.9106424730271
    },
    "make_random_features_train": 1994.987937118858,
    "make_random_features_test": 302.14561033435166,
    "rfgp_predictions": 105.49165476299822
  },
  "metrics": {
    "eval_subset_gp": {
      "0;5000": {
        "R2": 0.4232008556245891,
        "avg_log_prob": -1.1832553181024061,
        "mae": 0.5819597249818612,
        "mse": 0.5379875398327233
      }
    },
    "rfgp": {
      "R2": 0.46645710213214553,
      "avg_log_prob": -1.135587078400583,
      "mae": 0.5516525748063085,
      "mse": 0.4976419154192239
    }
  },
  "args": {
    "logfile": "results/regression/M5000/countTrue/PGR/rfgp-Gaussian-T_MM-5.log",
    "output_json": "results/regression/M5000/countTrue/PGR/rfgp-Gaussian-T_MM-5.json",
    "seed": 5,
    "num_jobs": 6,
    "dataset": "dockstring",
    "target": "PGR",
    "fp_dim": 1024,
    "binary_fps": false,
    "kernel": "T_MM",
    "num_exact_fit": 5000,
    "eval_rsgp": true,
    "rsgp_subset_sizes": [
      5000
    ],
    "fit_svgp": false,
    "svgp_num_inducing_points": 100,
    "svgp_inducing_init": "kmeans",
    "svgp_pretrain_num_steps": 100,
    "svgp_pretrain_batch_size": 4096,
    "svgp_pretrain_lr": 0.1,
    "svgp_pretrain_eval_interval": 100,
    "svgp_num_steps": 50000,
    "svgp_batch_size": 256,
    "svgp_lr": 0.001,
    "svgp_eval_interval": 1000,
    "fit_rfgp": true,
    "num_random_features": 5000,
    "tdp_bias_correction": "normalize",
    "tmm_distribution": "Gaussian"
  },
  "data_shapes": {
    "train": [
      221272,
      1024
    ],
    "test": [
      38879,
      1024
    ]
  },
  "gp_hparams": {
    "outputscale": 0.8381972731083074,
    "noise": 0.3010169909517593,
    "mean": -6.565522694244423
  }
}