{
  "times": {
    "make_fps": 80.4189420491457,
    "fit_subset_gp": 51.645694287493825,
    "eval_subset_gp": {
      "0;5000": 63.29683995619416
    },
    "make_random_features_train": 709.4410953037441,
    "make_random_features_test": 122.9833296649158,
    "rfgp_predictions": 90.86350772343576
  },
  "metrics": {
    "eval_subset_gp": {
      "0;5000": {
        "R2": 0.3665549464280473,
        "avg_log_prob": -1.1970407269506895,
        "mae": 0.6087269253438431,
        "mse": 0.5908218646187545
      }
    },
    "rfgp": {
      "R2": 0.5131278396923693,
      "avg_log_prob": -1.028469266073418,
      "mae": 0.5261149022355353,
      "mse": 0.45411155389382324
    }
  },
  "args": {
    "logfile": "results/regression/M5000/countTrue/PGR/rfgp-none-T_DP-3.log",
    "output_json": "results/regression/M5000/countTrue/PGR/rfgp-none-T_DP-3.json",
    "seed": 3,
    "num_jobs": 1,
    "dataset": "dockstring",
    "target": "PGR",
    "fp_dim": 1024,
    "binary_fps": false,
    "kernel": "T_DP",
    "num_exact_fit": 5000,
    "eval_rsgp": true,
    "rsgp_subset_sizes": [
      5000
    ],
    "fit_svgp": false,
    "svgp_num_inducing_points": 100,
    "svgp_inducing_init": "kmeans",
    "svgp_pretrain_num_steps": 100,
    "svgp_pretrain_batch_size": 4096,
    "svgp_pretrain_lr": 0.1,
    "svgp_pretrain_eval_interval": 100,
    "svgp_num_steps": 50000,
    "svgp_batch_size": 256,
    "svgp_lr": 0.001,
    "svgp_eval_interval": 1000,
    "fit_rfgp": true,
    "num_random_features": 5000,
    "tdp_bias_correction": "none",
    "tmm_distribution": "Rademacher"
  },
  "data_shapes": {
    "train": [
      221272,
      1024
    ],
    "test": [
      38879,
      1024
    ]
  },
  "gp_hparams": {
    "outputscale": 0.899325170193971,
    "noise": 0.389765567827571,
    "mean": -6.396401135626339
  }
}