{
  "times": {
    "make_fps": 94.82085373066366,
    "fit_subset_gp": 209.5865436438471,
    "eval_subset_gp": {
      "0;5000": 467.51738715544343
    },
    "make_random_features_train": 2148.7826105579734,
    "make_random_features_test": 282.65383289940655,
    "rfgp_predictions": 106.26613316312432
  },
  "metrics": {
    "eval_subset_gp": {
      "0;5000": {
        "R2": 0.43071159868526554,
        "avg_log_prob": -1.1765657571419348,
        "mae": 0.5769717253052155,
        "mse": 0.5309821789182155
      }
    },
    "rfgp": {
      "R2": 0.46734289579122523,
      "avg_log_prob": -1.0935992294058,
      "mae": 0.5510409479158925,
      "mse": 0.4968157249574407
    }
  },
  "args": {
    "logfile": "results/regression/M5000/countTrue/PGR/rfgp-Rademacher-T_MM-2.log",
    "output_json": "results/regression/M5000/countTrue/PGR/rfgp-Rademacher-T_MM-2.json",
    "seed": 2,
    "num_jobs": 6,
    "dataset": "dockstring",
    "target": "PGR",
    "fp_dim": 1024,
    "binary_fps": false,
    "kernel": "T_MM",
    "num_exact_fit": 5000,
    "eval_rsgp": true,
    "rsgp_subset_sizes": [
      5000
    ],
    "fit_svgp": false,
    "svgp_num_inducing_points": 100,
    "svgp_inducing_init": "kmeans",
    "svgp_pretrain_num_steps": 100,
    "svgp_pretrain_batch_size": 4096,
    "svgp_pretrain_lr": 0.1,
    "svgp_pretrain_eval_interval": 100,
    "svgp_num_steps": 50000,
    "svgp_batch_size": 256,
    "svgp_lr": 0.001,
    "svgp_eval_interval": 1000,
    "fit_rfgp": true,
    "num_random_features": 5000,
    "tdp_bias_correction": "normalize",
    "tmm_distribution": "Rademacher"
  },
  "data_shapes": {
    "train": [
      221272,
      1024
    ],
    "test": [
      38879,
      1024
    ]
  },
  "gp_hparams": {
    "outputscale": 0.797224490893557,
    "noise": 0.357551003144168,
    "mean": -6.677982133271246
  }
}