{
  "times": {
    "make_fps": 106.69478624500334,
    "fit_subset_gp": 111.50491886399686,
    "eval_subset_gp": {
      "0;5000": 107.21311599574983
    },
    "init_inducing_points": 1292.491670385003
  },
  "metrics": {
    "eval_subset_gp": {
      "0;5000": {
        "R2": 0.3839998921300035,
        "avg_log_prob": -1.1869022572607728,
        "mae": 0.6033886257609211,
        "mse": 0.5745507527209142
      }
    },
    "svgp": [
      {
        "n_opt_steps": 22,
        "train_time": 1083.4401523191482,
        "eval_time": 34.94179977290332,
        "metrics": {
          "R2": 0.5433835802859501,
          "avg_log_prob": -1.0121682338612297,
          "mae": 0.5074908441123709,
          "mse": 0.42589165862094897
        }
      }
    ]
  },
  "args": {
    "logfile": "results/regression/M5000/countTrue/PGR/svgp-T_DP-1.log",
    "output_json": "results/regression/M5000/countTrue/PGR/svgp-T_DP-1.json",
    "seed": 1,
    "num_jobs": 1,
    "dataset": "dockstring",
    "target": "PGR",
    "fp_dim": 1024,
    "binary_fps": false,
    "kernel": "T_DP",
    "num_exact_fit": 5000,
    "eval_rsgp": true,
    "rsgp_subset_sizes": [
      5000
    ],
    "fit_svgp": true,
    "svgp_num_inducing_points": 5000,
    "svgp_inducing_init": "kmeans",
    "svgp_pretrain_num_steps": 22,
    "svgp_pretrain_batch_size": 10000,
    "svgp_pretrain_lr": 0.1,
    "svgp_pretrain_eval_interval": 22,
    "svgp_num_steps": 0,
    "svgp_batch_size": 256,
    "svgp_lr": 0.001,
    "svgp_eval_interval": 1000,
    "fit_rfgp": false,
    "num_random_features": 1000,
    "tdp_bias_correction": "normalize",
    "tmm_distribution": "Rademacher"
  },
  "data_shapes": {
    "train": [
      221272,
      1024
    ],
    "test": [
      38879,
      1024
    ]
  },
  "gp_hparams": {
    "outputscale": 0.8431492143545534,
    "noise": 0.4156099510442498,
    "mean": -6.127382051498711
  }
}