{
  "times": {
    "make_fps": 85.40346896462142,
    "fit_subset_gp": 52.45560811087489,
    "eval_subset_gp": {
      "0;5000": 63.81328406743705
    },
    "init_inducing_points": 604.9028980769217
  },
  "metrics": {
    "eval_subset_gp": {
      "0;5000": {
        "R2": 0.3795484994970475,
        "avg_log_prob": -1.1892928704560113,
        "mae": 0.6047194770481606,
        "mse": 0.5787026204807506
      }
    },
    "svgp": [
      {
        "n_opt_steps": 22,
        "train_time": 600.3205215949565,
        "eval_time": 29.484692718833685,
        "metrics": {
          "R2": 0.5406149153892121,
          "avg_log_prob": -1.007827549393873,
          "mae": 0.5090308149067452,
          "mse": 0.4284740258642814
        }
      }
    ]
  },
  "args": {
    "logfile": "results/regression/M5000/countTrue/PGR/svgp-T_DP-5.log",
    "output_json": "results/regression/M5000/countTrue/PGR/svgp-T_DP-5.json",
    "seed": 5,
    "num_jobs": 1,
    "dataset": "dockstring",
    "target": "PGR",
    "fp_dim": 1024,
    "binary_fps": false,
    "kernel": "T_DP",
    "num_exact_fit": 5000,
    "eval_rsgp": true,
    "rsgp_subset_sizes": [
      5000
    ],
    "fit_svgp": true,
    "svgp_num_inducing_points": 5000,
    "svgp_inducing_init": "kmeans",
    "svgp_pretrain_num_steps": 22,
    "svgp_pretrain_batch_size": 10000,
    "svgp_pretrain_lr": 0.1,
    "svgp_pretrain_eval_interval": 22,
    "svgp_num_steps": 0,
    "svgp_batch_size": 256,
    "svgp_lr": 0.001,
    "svgp_eval_interval": 1000,
    "fit_rfgp": false,
    "num_random_features": 1000,
    "tdp_bias_correction": "normalize",
    "tmm_distribution": "Rademacher"
  },
  "data_shapes": {
    "train": [
      221272,
      1024
    ],
    "test": [
      38879,
      1024
    ]
  },
  "gp_hparams": {
    "outputscale": 0.8466081911314474,
    "noise": 0.3822852592662016,
    "mean": -6.158010105702014
  }
}