{
  "times": {
    "make_fps": 88.51114538870752,
    "fit_subset_gp": 64.31670212931931,
    "eval_subset_gp": {
      "0;5000": 98.23007308505476
    },
    "init_inducing_points": 767.902171831578
  },
  "metrics": {
    "eval_subset_gp": {
      "0;5000": {
        "R2": 0.39861926249010604,
        "avg_log_prob": -1.181181202165167,
        "mae": 0.5957672828055232,
        "mse": 0.5609150891270445
      }
    },
    "svgp": [
      {
        "n_opt_steps": 22,
        "train_time": 702.1594165135175,
        "eval_time": 33.80348543263972,
        "metrics": {
          "R2": 0.5457478266850561,
          "avg_log_prob": -1.0069558358840427,
          "mae": 0.5056214075672097,
          "mse": 0.42368649740284287
        }
      }
    ]
  },
  "args": {
    "logfile": "results/regression/M5000/countTrue/PGR/svgp-T_DP-4.log",
    "output_json": "results/regression/M5000/countTrue/PGR/svgp-T_DP-4.json",
    "seed": 4,
    "num_jobs": 1,
    "dataset": "dockstring",
    "target": "PGR",
    "fp_dim": 1024,
    "binary_fps": false,
    "kernel": "T_DP",
    "num_exact_fit": 5000,
    "eval_rsgp": true,
    "rsgp_subset_sizes": [
      5000
    ],
    "fit_svgp": true,
    "svgp_num_inducing_points": 5000,
    "svgp_inducing_init": "kmeans",
    "svgp_pretrain_num_steps": 22,
    "svgp_pretrain_batch_size": 10000,
    "svgp_pretrain_lr": 0.1,
    "svgp_pretrain_eval_interval": 22,
    "svgp_num_steps": 0,
    "svgp_batch_size": 256,
    "svgp_lr": 0.001,
    "svgp_eval_interval": 1000,
    "fit_rfgp": false,
    "num_random_features": 1000,
    "tdp_bias_correction": "normalize",
    "tmm_distribution": "Rademacher"
  },
  "data_shapes": {
    "train": [
      221272,
      1024
    ],
    "test": [
      38879,
      1024
    ]
  },
  "gp_hparams": {
    "outputscale": 0.8842966748985797,
    "noise": 0.3920741153704378,
    "mean": -6.359865132997035
  }
}