{
  "times": {
    "make_fps": 83.61604047566652,
    "fit_subset_gp": 53.741569278761744,
    "eval_subset_gp": {
      "0;5000": 63.819145949557424
    },
    "init_inducing_points": 751.2340721450746
  },
  "metrics": {
    "eval_subset_gp": {
      "0;5000": {
        "R2": 0.3665549464280473,
        "avg_log_prob": -1.1970407269506895,
        "mae": 0.6087269253438431,
        "mse": 0.5908218646187545
      }
    },
    "svgp": [
      {
        "n_opt_steps": 22,
        "train_time": 659.9340842869133,
        "eval_time": 35.23860014602542,
        "metrics": {
          "R2": 0.5441792871538084,
          "avg_log_prob": -1.0077176578182245,
          "mae": 0.5073321520416326,
          "mse": 0.42514949319917006
        }
      }
    ]
  },
  "args": {
    "logfile": "results/regression/M5000/countTrue/PGR/svgp-T_DP-3.log",
    "output_json": "results/regression/M5000/countTrue/PGR/svgp-T_DP-3.json",
    "seed": 3,
    "num_jobs": 1,
    "dataset": "dockstring",
    "target": "PGR",
    "fp_dim": 1024,
    "binary_fps": false,
    "kernel": "T_DP",
    "num_exact_fit": 5000,
    "eval_rsgp": true,
    "rsgp_subset_sizes": [
      5000
    ],
    "fit_svgp": true,
    "svgp_num_inducing_points": 5000,
    "svgp_inducing_init": "kmeans",
    "svgp_pretrain_num_steps": 22,
    "svgp_pretrain_batch_size": 10000,
    "svgp_pretrain_lr": 0.1,
    "svgp_pretrain_eval_interval": 22,
    "svgp_num_steps": 0,
    "svgp_batch_size": 256,
    "svgp_lr": 0.001,
    "svgp_eval_interval": 1000,
    "fit_rfgp": false,
    "num_random_features": 1000,
    "tdp_bias_correction": "normalize",
    "tmm_distribution": "Rademacher"
  },
  "data_shapes": {
    "train": [
      221272,
      1024
    ],
    "test": [
      38879,
      1024
    ]
  },
  "gp_hparams": {
    "outputscale": 0.899325170193971,
    "noise": 0.389765567827571,
    "mean": -6.396401135626339
  }
}