{
  "times": {
    "make_fps": 84.17599013634026,
    "fit_subset_gp": 147.6647514551878,
    "eval_subset_gp": {
      "0;5000": 372.11918370611966
    },
    "init_inducing_points": 1387.0392923671752
  },
  "metrics": {
    "eval_subset_gp": {
      "0;5000": {
        "R2": 0.41495703009195994,
        "avg_log_prob": -1.191623443193838,
        "mae": 0.5845701519480425,
        "mse": 0.5456766556373452
      }
    },
    "svgp": [
      {
        "n_opt_steps": 22,
        "train_time": 1754.8682322632521,
        "eval_time": 100.74567142128944,
        "metrics": {
          "R2": 0.5448202585832843,
          "avg_log_prob": -1.0270333851369748,
          "mae": 0.5059124341478487,
          "mse": 0.4245516513926947
        }
      }
    ]
  },
  "args": {
    "logfile": "results/regression/M5000/countTrue/PGR/svgp-T_MM-3.log",
    "output_json": "results/regression/M5000/countTrue/PGR/svgp-T_MM-3.json",
    "seed": 3,
    "num_jobs": 1,
    "dataset": "dockstring",
    "target": "PGR",
    "fp_dim": 1024,
    "binary_fps": false,
    "kernel": "T_MM",
    "num_exact_fit": 5000,
    "eval_rsgp": true,
    "rsgp_subset_sizes": [
      5000
    ],
    "fit_svgp": true,
    "svgp_num_inducing_points": 5000,
    "svgp_inducing_init": "kmeans",
    "svgp_pretrain_num_steps": 22,
    "svgp_pretrain_batch_size": 10000,
    "svgp_pretrain_lr": 0.1,
    "svgp_pretrain_eval_interval": 22,
    "svgp_num_steps": 0,
    "svgp_batch_size": 256,
    "svgp_lr": 0.001,
    "svgp_eval_interval": 1000,
    "fit_rfgp": false,
    "num_random_features": 1000,
    "tdp_bias_correction": "normalize",
    "tmm_distribution": "Rademacher"
  },
  "data_shapes": {
    "train": [
      221272,
      1024
    ],
    "test": [
      38879,
      1024
    ]
  },
  "gp_hparams": {
    "outputscale": 0.9155692666694126,
    "noise": 0.2898895121442192,
    "mean": -6.629307143612338
  }
}