{
  "times": {
    "make_fps": 86.4844166263938,
    "fit_subset_gp": 60.9134935811162,
    "eval_subset_gp": {
      "0;5000": 108.89874394237995
    },
    "make_random_features_train": 773.7946079112589,
    "make_random_features_test": 110.55086368694901,
    "rfgp_predictions": 104.39942331425846
  },
  "metrics": {
    "eval_subset_gp": {
      "0;5000": {
        "R2": 0.8497527027216998,
        "avg_log_prob": -0.9889023301432602,
        "mae": 0.3744384367325585,
        "mse": 0.23646916465546797
      }
    },
    "rfgp": {
      "R2": 0.8754247369048063,
      "avg_log_prob": -0.6797964683823549,
      "mae": 0.33750956242273944,
      "mse": 0.1960648140398209
    }
  },
  "args": {
    "logfile": "results/regression/M5000/countTrue/PARP1/rfgp-normalize-T_DP-4.log",
    "output_json": "results/regression/M5000/countTrue/PARP1/rfgp-normalize-T_DP-4.json",
    "seed": 4,
    "num_jobs": 1,
    "dataset": "dockstring",
    "target": "PARP1",
    "fp_dim": 1024,
    "binary_fps": false,
    "kernel": "T_DP",
    "num_exact_fit": 5000,
    "eval_rsgp": true,
    "rsgp_subset_sizes": [
      5000
    ],
    "fit_svgp": false,
    "svgp_num_inducing_points": 100,
    "svgp_inducing_init": "kmeans",
    "svgp_pretrain_num_steps": 100,
    "svgp_pretrain_batch_size": 4096,
    "svgp_pretrain_lr": 0.1,
    "svgp_pretrain_eval_interval": 100,
    "svgp_num_steps": 50000,
    "svgp_batch_size": 256,
    "svgp_lr": 0.001,
    "svgp_eval_interval": 1000,
    "fit_rfgp": true,
    "num_random_features": 5000,
    "tdp_bias_correction": "normalize",
    "tmm_distribution": "Rademacher"
  },
  "data_shapes": {
    "train": [
      221270,
      1024
    ],
    "test": [
      38879,
      1024
    ]
  },
  "gp_hparams": {
    "outputscale": 0.6869502067528714,
    "noise": 0.11522528053994015,
    "mean": -6.945399269526627
  }
}