{
  "times": {
    "make_fps": 83.40901364386082,
    "fit_subset_gp": 202.82867580465972,
    "eval_subset_gp": {
      "0;5000": 439.5387297384441
    },
    "make_random_features_train": 3284.853180175647,
    "make_random_features_test": 332.1139464844018,
    "rfgp_predictions": 157.1246323157102
  },
  "metrics": {
    "eval_subset_gp": {
      "0;5000": {
        "R2": 0.8497044071329232,
        "avg_log_prob": -0.9999984181292382,
        "mae": 0.37262264143572016,
        "mse": 0.236545175457269
      }
    },
    "rfgp": {
      "R2": 0.8638875978564573,
      "avg_log_prob": -0.9764409555932464,
      "mae": 0.3541648294281487,
      "mse": 0.21422272890882316
    }
  },
  "args": {
    "logfile": "results/regression/M5000/countTrue/PARP1/rfgp-Rademacher-T_MM-2.log",
    "output_json": "results/regression/M5000/countTrue/PARP1/rfgp-Rademacher-T_MM-2.json",
    "seed": 2,
    "num_jobs": 6,
    "dataset": "dockstring",
    "target": "PARP1",
    "fp_dim": 1024,
    "binary_fps": false,
    "kernel": "T_MM",
    "num_exact_fit": 5000,
    "eval_rsgp": true,
    "rsgp_subset_sizes": [
      5000
    ],
    "fit_svgp": false,
    "svgp_num_inducing_points": 100,
    "svgp_inducing_init": "kmeans",
    "svgp_pretrain_num_steps": 100,
    "svgp_pretrain_batch_size": 4096,
    "svgp_pretrain_lr": 0.1,
    "svgp_pretrain_eval_interval": 100,
    "svgp_num_steps": 50000,
    "svgp_batch_size": 256,
    "svgp_lr": 0.001,
    "svgp_eval_interval": 1000,
    "fit_rfgp": true,
    "num_random_features": 5000,
    "tdp_bias_correction": "normalize",
    "tmm_distribution": "Rademacher"
  },
  "data_shapes": {
    "train": [
      221270,
      1024
    ],
    "test": [
      38879,
      1024
    ]
  },
  "gp_hparams": {
    "outputscale": 0.5880742883032547,
    "noise": 0.07920311777256851,
    "mean": -6.878821421613939
  }
}