{
  "times": {
    "make_fps": 85.16944825276732,
    "fit_subset_gp": 47.692064978182316,
    "eval_subset_gp": {
      "0;5000": 79.55153242871165
    },
    "make_random_features_train": 857.7205231171101,
    "make_random_features_test": 114.48361171782017,
    "rfgp_predictions": 86.87491619959474
  },
  "metrics": {
    "eval_subset_gp": {
      "0;5000": {
        "R2": 0.852521920657768,
        "avg_log_prob": -0.9853272028093106,
        "mae": 0.37091686435783405,
        "mse": 0.23211078574314678
      }
    },
    "rfgp": {
      "R2": 0.8758230708618271,
      "avg_log_prob": -0.661666010265234,
      "mae": 0.33664059920072814,
      "mse": 0.19543788963068384
    }
  },
  "args": {
    "logfile": "results/regression/M5000/countTrue/PARP1/rfgp-sketch_error-T_DP-3.log",
    "output_json": "results/regression/M5000/countTrue/PARP1/rfgp-sketch_error-T_DP-3.json",
    "seed": 3,
    "num_jobs": 1,
    "dataset": "dockstring",
    "target": "PARP1",
    "fp_dim": 1024,
    "binary_fps": false,
    "kernel": "T_DP",
    "num_exact_fit": 5000,
    "eval_rsgp": true,
    "rsgp_subset_sizes": [
      5000
    ],
    "fit_svgp": false,
    "svgp_num_inducing_points": 100,
    "svgp_inducing_init": "kmeans",
    "svgp_pretrain_num_steps": 100,
    "svgp_pretrain_batch_size": 4096,
    "svgp_pretrain_lr": 0.1,
    "svgp_pretrain_eval_interval": 100,
    "svgp_num_steps": 50000,
    "svgp_batch_size": 256,
    "svgp_lr": 0.001,
    "svgp_eval_interval": 1000,
    "fit_rfgp": true,
    "num_random_features": 5000,
    "tdp_bias_correction": "sketch_error",
    "tmm_distribution": "Rademacher"
  },
  "data_shapes": {
    "train": [
      221270,
      1024
    ],
    "test": [
      38879,
      1024
    ]
  },
  "gp_hparams": {
    "outputscale": 0.6730168504660355,
    "noise": 0.12134695495854363,
    "mean": -6.982751573702797
  }
}