{
  "times": {
    "make_fps": 81.59808778390288,
    "fit_subset_gp": 199.9227240756154,
    "eval_subset_gp": {
      "0;5000": 460.10691381432116
    },
    "make_random_features_train": 3240.2889227867126,
    "make_random_features_test": 358.44871384464204,
    "rfgp_predictions": 153.21734096296132
  },
  "metrics": {
    "eval_subset_gp": {
      "0;5000": {
        "R2": 0.8497044071329232,
        "avg_log_prob": -0.9999984181292382,
        "mae": 0.37262264143572016,
        "mse": 0.236545175457269
      }
    },
    "rfgp": {
      "R2": 0.8650279575371727,
      "avg_log_prob": -0.9648488963958323,
      "mae": 0.3526574493687027,
      "mse": 0.2124279551858319
    }
  },
  "args": {
    "logfile": "results/regression/M5000/countTrue/PARP1/rfgp-Gaussian-T_MM-2.log",
    "output_json": "results/regression/M5000/countTrue/PARP1/rfgp-Gaussian-T_MM-2.json",
    "seed": 2,
    "num_jobs": 6,
    "dataset": "dockstring",
    "target": "PARP1",
    "fp_dim": 1024,
    "binary_fps": false,
    "kernel": "T_MM",
    "num_exact_fit": 5000,
    "eval_rsgp": true,
    "rsgp_subset_sizes": [
      5000
    ],
    "fit_svgp": false,
    "svgp_num_inducing_points": 100,
    "svgp_inducing_init": "kmeans",
    "svgp_pretrain_num_steps": 100,
    "svgp_pretrain_batch_size": 4096,
    "svgp_pretrain_lr": 0.1,
    "svgp_pretrain_eval_interval": 100,
    "svgp_num_steps": 50000,
    "svgp_batch_size": 256,
    "svgp_lr": 0.001,
    "svgp_eval_interval": 1000,
    "fit_rfgp": true,
    "num_random_features": 5000,
    "tdp_bias_correction": "normalize",
    "tmm_distribution": "Gaussian"
  },
  "data_shapes": {
    "train": [
      221270,
      1024
    ],
    "test": [
      38879,
      1024
    ]
  },
  "gp_hparams": {
    "outputscale": 0.5880742883032547,
    "noise": 0.07920311777256851,
    "mean": -6.878821421613939
  }
}