{
  "times": {
    "make_fps": 102.29731280170381,
    "fit_subset_gp": 62.90606803074479,
    "eval_subset_gp": {
      "0;5000": 87.54199151881039
    },
    "make_random_features_train": 936.3593817800283,
    "make_random_features_test": 115.08224769122899,
    "rfgp_predictions": 118.18130843155086
  },
  "metrics": {
    "eval_subset_gp": {
      "0;5000": {
        "R2": 0.8504952764623548,
        "avg_log_prob": -0.9888626566875894,
        "mae": 0.37370928108466955,
        "mse": 0.2353004528361631
      }
    },
    "rfgp": {
      "R2": 0.8758747217056869,
      "avg_log_prob": -0.7262852438841493,
      "mae": 0.3365134315421951,
      "mse": 0.19535659810582762
    }
  },
  "args": {
    "logfile": "results/regression/M5000/countTrue/PARP1/rfgp-none-T_DP-1.log",
    "output_json": "results/regression/M5000/countTrue/PARP1/rfgp-none-T_DP-1.json",
    "seed": 1,
    "num_jobs": 1,
    "dataset": "dockstring",
    "target": "PARP1",
    "fp_dim": 1024,
    "binary_fps": false,
    "kernel": "T_DP",
    "num_exact_fit": 5000,
    "eval_rsgp": true,
    "rsgp_subset_sizes": [
      5000
    ],
    "fit_svgp": false,
    "svgp_num_inducing_points": 100,
    "svgp_inducing_init": "kmeans",
    "svgp_pretrain_num_steps": 100,
    "svgp_pretrain_batch_size": 4096,
    "svgp_pretrain_lr": 0.1,
    "svgp_pretrain_eval_interval": 100,
    "svgp_num_steps": 50000,
    "svgp_batch_size": 256,
    "svgp_lr": 0.001,
    "svgp_eval_interval": 1000,
    "fit_rfgp": true,
    "num_random_features": 5000,
    "tdp_bias_correction": "none",
    "tmm_distribution": "Rademacher"
  },
  "data_shapes": {
    "train": [
      221270,
      1024
    ],
    "test": [
      38879,
      1024
    ]
  },
  "gp_hparams": {
    "outputscale": 0.6925156863252597,
    "noise": 0.10117095347420799,
    "mean": -6.973509968957844
  }
}