{
  "times": {
    "make_fps": 92.45328865014017,
    "fit_subset_gp": 159.91551445238292,
    "eval_subset_gp": {
      "0;5000": 372.4774567373097
    },
    "make_random_features_train": 2274.102903906256,
    "make_random_features_test": 341.5504775606096,
    "rfgp_predictions": 113.53496373817325
  },
  "metrics": {
    "eval_subset_gp": {
      "0;5000": {
        "R2": 0.846398700361814,
        "avg_log_prob": -1.0014487640754581,
        "mae": 0.37583975218293514,
        "mse": 0.2417479160916791
      }
    },
    "rfgp": {
      "R2": 0.8630392341603857,
      "avg_log_prob": -0.9689838764734947,
      "mae": 0.35502065486037826,
      "mse": 0.2155579399786268
    }
  },
  "args": {
    "logfile": "results/regression/M5000/countTrue/PARP1/rfgp-Rademacher-T_MM-4.log",
    "output_json": "results/regression/M5000/countTrue/PARP1/rfgp-Rademacher-T_MM-4.json",
    "seed": 4,
    "num_jobs": 6,
    "dataset": "dockstring",
    "target": "PARP1",
    "fp_dim": 1024,
    "binary_fps": false,
    "kernel": "T_MM",
    "num_exact_fit": 5000,
    "eval_rsgp": true,
    "rsgp_subset_sizes": [
      5000
    ],
    "fit_svgp": false,
    "svgp_num_inducing_points": 100,
    "svgp_inducing_init": "kmeans",
    "svgp_pretrain_num_steps": 100,
    "svgp_pretrain_batch_size": 4096,
    "svgp_pretrain_lr": 0.1,
    "svgp_pretrain_eval_interval": 100,
    "svgp_num_steps": 50000,
    "svgp_batch_size": 256,
    "svgp_lr": 0.001,
    "svgp_eval_interval": 1000,
    "fit_rfgp": true,
    "num_random_features": 5000,
    "tdp_bias_correction": "normalize",
    "tmm_distribution": "Rademacher"
  },
  "data_shapes": {
    "train": [
      221270,
      1024
    ],
    "test": [
      38879,
      1024
    ]
  },
  "gp_hparams": {
    "outputscale": 0.5813428781083539,
    "noise": 0.0806961338541318,
    "mean": -6.916023829598187
  }
}