{
  "times": {
    "make_fps": 91.58473767340183,
    "fit_subset_gp": 60.995254991576076,
    "eval_subset_gp": {
      "0;5000": 90.64892767183483
    },
    "make_random_features_train": 716.9356271941215,
    "make_random_features_test": 117.65097767859697,
    "rfgp_predictions": 104.1194447055459
  },
  "metrics": {
    "eval_subset_gp": {
      "0;5000": {
        "R2": 0.8504952764623548,
        "avg_log_prob": -0.9888626566875894,
        "mae": 0.37370928108466955,
        "mse": 0.2353004528361631
      }
    },
    "rfgp": {
      "R2": 0.8759903609476295,
      "avg_log_prob": -0.7253375072538627,
      "mae": 0.33645726940651755,
      "mse": 0.19517459739474063
    }
  },
  "args": {
    "logfile": "results/regression/M5000/countTrue/PARP1/rfgp-normalize-T_DP-1.log",
    "output_json": "results/regression/M5000/countTrue/PARP1/rfgp-normalize-T_DP-1.json",
    "seed": 1,
    "num_jobs": 1,
    "dataset": "dockstring",
    "target": "PARP1",
    "fp_dim": 1024,
    "binary_fps": false,
    "kernel": "T_DP",
    "num_exact_fit": 5000,
    "eval_rsgp": true,
    "rsgp_subset_sizes": [
      5000
    ],
    "fit_svgp": false,
    "svgp_num_inducing_points": 100,
    "svgp_inducing_init": "kmeans",
    "svgp_pretrain_num_steps": 100,
    "svgp_pretrain_batch_size": 4096,
    "svgp_pretrain_lr": 0.1,
    "svgp_pretrain_eval_interval": 100,
    "svgp_num_steps": 50000,
    "svgp_batch_size": 256,
    "svgp_lr": 0.001,
    "svgp_eval_interval": 1000,
    "fit_rfgp": true,
    "num_random_features": 5000,
    "tdp_bias_correction": "normalize",
    "tmm_distribution": "Rademacher"
  },
  "data_shapes": {
    "train": [
      221270,
      1024
    ],
    "test": [
      38879,
      1024
    ]
  },
  "gp_hparams": {
    "outputscale": 0.6925156863252597,
    "noise": 0.10117095347420799,
    "mean": -6.973509968957844
  }
}