{
  "times": {
    "make_fps": 84.55170373246074,
    "fit_subset_gp": 160.65068147331476,
    "eval_subset_gp": {
      "0;5000": 380.4838044438511
    },
    "make_random_features_train": 1881.4687280040234,
    "make_random_features_test": 339.75175557658076,
    "rfgp_predictions": 109.18548309057951
  },
  "metrics": {
    "eval_subset_gp": {
      "0;5000": {
        "R2": 0.8485547844500226,
        "avg_log_prob": -0.9965477563932196,
        "mae": 0.37204594280828285,
        "mse": 0.2383545279076556
      }
    },
    "rfgp": {
      "R2": 0.8645888109752571,
      "avg_log_prob": -0.9498896082560523,
      "mae": 0.3533290697691282,
      "mse": 0.21311911318027602
    }
  },
  "args": {
    "logfile": "results/regression/M5000/countTrue/PARP1/rfgp-Gaussian-T_MM-5.log",
    "output_json": "results/regression/M5000/countTrue/PARP1/rfgp-Gaussian-T_MM-5.json",
    "seed": 5,
    "num_jobs": 6,
    "dataset": "dockstring",
    "target": "PARP1",
    "fp_dim": 1024,
    "binary_fps": false,
    "kernel": "T_MM",
    "num_exact_fit": 5000,
    "eval_rsgp": true,
    "rsgp_subset_sizes": [
      5000
    ],
    "fit_svgp": false,
    "svgp_num_inducing_points": 100,
    "svgp_inducing_init": "kmeans",
    "svgp_pretrain_num_steps": 100,
    "svgp_pretrain_batch_size": 4096,
    "svgp_pretrain_lr": 0.1,
    "svgp_pretrain_eval_interval": 100,
    "svgp_num_steps": 50000,
    "svgp_batch_size": 256,
    "svgp_lr": 0.001,
    "svgp_eval_interval": 1000,
    "fit_rfgp": true,
    "num_random_features": 5000,
    "tdp_bias_correction": "normalize",
    "tmm_distribution": "Gaussian"
  },
  "data_shapes": {
    "train": [
      221270,
      1024
    ],
    "test": [
      38879,
      1024
    ]
  },
  "gp_hparams": {
    "outputscale": 0.5555751455103002,
    "noise": 0.08115936151711363,
    "mean": -7.03040926561856
  }
}