{
  "times": {
    "make_fps": 104.10394295305014,
    "fit_subset_gp": 53.41511068493128,
    "eval_subset_gp": {
      "0;5000": 69.50784019753337
    },
    "make_random_features_train": 723.2527220603079,
    "make_random_features_test": 137.3945576120168,
    "rfgp_predictions": 113.01631111465394
  },
  "metrics": {
    "eval_subset_gp": {
      "0;5000": {
        "R2": 0.852521920657768,
        "avg_log_prob": -0.9853272028093106,
        "mae": 0.37091686435783405,
        "mse": 0.23211078574314678
      }
    },
    "rfgp": {
      "R2": 0.8763560247195642,
      "avg_log_prob": -0.6582573779853844,
      "mae": 0.33614995268268644,
      "mse": 0.1945990914904048
    }
  },
  "args": {
    "logfile": "results/regression/M5000/countTrue/PARP1/rfgp-none-T_DP-3.log",
    "output_json": "results/regression/M5000/countTrue/PARP1/rfgp-none-T_DP-3.json",
    "seed": 3,
    "num_jobs": 1,
    "dataset": "dockstring",
    "target": "PARP1",
    "fp_dim": 1024,
    "binary_fps": false,
    "kernel": "T_DP",
    "num_exact_fit": 5000,
    "eval_rsgp": true,
    "rsgp_subset_sizes": [
      5000
    ],
    "fit_svgp": false,
    "svgp_num_inducing_points": 100,
    "svgp_inducing_init": "kmeans",
    "svgp_pretrain_num_steps": 100,
    "svgp_pretrain_batch_size": 4096,
    "svgp_pretrain_lr": 0.1,
    "svgp_pretrain_eval_interval": 100,
    "svgp_num_steps": 50000,
    "svgp_batch_size": 256,
    "svgp_lr": 0.001,
    "svgp_eval_interval": 1000,
    "fit_rfgp": true,
    "num_random_features": 5000,
    "tdp_bias_correction": "none",
    "tmm_distribution": "Rademacher"
  },
  "data_shapes": {
    "train": [
      221270,
      1024
    ],
    "test": [
      38879,
      1024
    ]
  },
  "gp_hparams": {
    "outputscale": 0.6730168504660355,
    "noise": 0.12134695495854363,
    "mean": -6.982751573702797
  }
}