{
  "times": {
    "make_fps": 84.5174844879657,
    "fit_subset_gp": 161.65012419223785,
    "eval_subset_gp": {
      "0;5000": 382.556209243834
    },
    "make_random_features_train": 1896.5090356078,
    "make_random_features_test": 333.3543955218047,
    "rfgp_predictions": 109.1984518673271
  },
  "metrics": {
    "eval_subset_gp": {
      "0;5000": {
        "R2": 0.8485547844500226,
        "avg_log_prob": -0.9965477563932196,
        "mae": 0.37204594280828285,
        "mse": 0.2383545279076556
      }
    },
    "rfgp": {
      "R2": 0.8625479869122835,
      "avg_log_prob": -0.9688290495455725,
      "mae": 0.35456385520259914,
      "mse": 0.21633109748962595
    }
  },
  "args": {
    "logfile": "results/regression/M5000/countTrue/PARP1/rfgp-Rademacher-T_MM-5.log",
    "output_json": "results/regression/M5000/countTrue/PARP1/rfgp-Rademacher-T_MM-5.json",
    "seed": 5,
    "num_jobs": 6,
    "dataset": "dockstring",
    "target": "PARP1",
    "fp_dim": 1024,
    "binary_fps": false,
    "kernel": "T_MM",
    "num_exact_fit": 5000,
    "eval_rsgp": true,
    "rsgp_subset_sizes": [
      5000
    ],
    "fit_svgp": false,
    "svgp_num_inducing_points": 100,
    "svgp_inducing_init": "kmeans",
    "svgp_pretrain_num_steps": 100,
    "svgp_pretrain_batch_size": 4096,
    "svgp_pretrain_lr": 0.1,
    "svgp_pretrain_eval_interval": 100,
    "svgp_num_steps": 50000,
    "svgp_batch_size": 256,
    "svgp_lr": 0.001,
    "svgp_eval_interval": 1000,
    "fit_rfgp": true,
    "num_random_features": 5000,
    "tdp_bias_correction": "normalize",
    "tmm_distribution": "Rademacher"
  },
  "data_shapes": {
    "train": [
      221270,
      1024
    ],
    "test": [
      38879,
      1024
    ]
  },
  "gp_hparams": {
    "outputscale": 0.5555751455103002,
    "noise": 0.08115936151711363,
    "mean": -7.03040926561856
  }
}