{
  "times": {
    "make_fps": 83.61231809481978,
    "fit_subset_gp": 65.24834622815251,
    "eval_subset_gp": {
      "0;5000": 83.26205668412149
    },
    "make_random_features_train": 669.9437046572566,
    "make_random_features_test": 116.12640549615026,
    "rfgp_predictions": 106.89329921454191
  },
  "metrics": {
    "eval_subset_gp": {
      "0;5000": {
        "R2": 0.8517496275434985,
        "avg_log_prob": -0.9887131149748596,
        "mae": 0.37288615536270986,
        "mse": 0.23332627188438643
      }
    },
    "rfgp": {
      "R2": 0.8755079918559163,
      "avg_log_prob": -0.6951812637850279,
      "mae": 0.33682982740584205,
      "mse": 0.19593378187419094
    }
  },
  "args": {
    "logfile": "results/regression/M5000/countTrue/PARP1/rfgp-none-T_DP-2.log",
    "output_json": "results/regression/M5000/countTrue/PARP1/rfgp-none-T_DP-2.json",
    "seed": 2,
    "num_jobs": 1,
    "dataset": "dockstring",
    "target": "PARP1",
    "fp_dim": 1024,
    "binary_fps": false,
    "kernel": "T_DP",
    "num_exact_fit": 5000,
    "eval_rsgp": true,
    "rsgp_subset_sizes": [
      5000
    ],
    "fit_svgp": false,
    "svgp_num_inducing_points": 100,
    "svgp_inducing_init": "kmeans",
    "svgp_pretrain_num_steps": 100,
    "svgp_pretrain_batch_size": 4096,
    "svgp_pretrain_lr": 0.1,
    "svgp_pretrain_eval_interval": 100,
    "svgp_num_steps": 50000,
    "svgp_batch_size": 256,
    "svgp_lr": 0.001,
    "svgp_eval_interval": 1000,
    "fit_rfgp": true,
    "num_random_features": 5000,
    "tdp_bias_correction": "none",
    "tmm_distribution": "Rademacher"
  },
  "data_shapes": {
    "train": [
      221270,
      1024
    ],
    "test": [
      38879,
      1024
    ]
  },
  "gp_hparams": {
    "outputscale": 0.6994744851834734,
    "noise": 0.11006665565439654,
    "mean": -6.8450981722857405
  }
}