{
  "times": {
    "make_fps": 91.75672326423228,
    "fit_subset_gp": 133.34420716948807,
    "eval_subset_gp": {
      "0;5000": 446.0965400952846
    },
    "init_inducing_points": 989.9339307006449
  },
  "metrics": {
    "eval_subset_gp": {
      "0;5000": {
        "R2": 0.8495734528818638,
        "avg_log_prob": -0.9969421542806579,
        "mae": 0.3725265529629494,
        "mse": 0.23675127994578254
      }
    },
    "svgp": [
      {
        "n_opt_steps": 22,
        "train_time": 1324.6198224592954,
        "eval_time": 100.838761491701,
        "metrics": {
          "R2": 0.8891502946456543,
          "avg_log_prob": -0.5990648589512896,
          "mae": 0.31521543562274634,
          "mse": 0.1744626206413144
        }
      }
    ]
  },
  "args": {
    "logfile": "results/regression/M5000/countTrue/PARP1/svgp-T_MM-1.log",
    "output_json": "results/regression/M5000/countTrue/PARP1/svgp-T_MM-1.json",
    "seed": 1,
    "num_jobs": 1,
    "dataset": "dockstring",
    "target": "PARP1",
    "fp_dim": 1024,
    "binary_fps": false,
    "kernel": "T_MM",
    "num_exact_fit": 5000,
    "eval_rsgp": true,
    "rsgp_subset_sizes": [
      5000
    ],
    "fit_svgp": true,
    "svgp_num_inducing_points": 5000,
    "svgp_inducing_init": "kmeans",
    "svgp_pretrain_num_steps": 22,
    "svgp_pretrain_batch_size": 10000,
    "svgp_pretrain_lr": 0.1,
    "svgp_pretrain_eval_interval": 22,
    "svgp_num_steps": 0,
    "svgp_batch_size": 256,
    "svgp_lr": 0.001,
    "svgp_eval_interval": 1000,
    "fit_rfgp": false,
    "num_random_features": 1000,
    "tdp_bias_correction": "normalize",
    "tmm_distribution": "Rademacher"
  },
  "data_shapes": {
    "train": [
      221270,
      1024
    ],
    "test": [
      38879,
      1024
    ]
  },
  "gp_hparams": {
    "outputscale": 0.5646750316177697,
    "noise": 0.07468590705417383,
    "mean": -6.864438753192563
  }
}