{
  "times": {
    "make_fps": 119.21466672047973,
    "fit_subset_gp": 80.53622774966061,
    "eval_subset_gp": {
      "0;5000": 103.60362768359482
    },
    "init_inducing_points": 1271.26775563322
  },
  "metrics": {
    "eval_subset_gp": {
      "0;5000": {
        "R2": 0.8504952764623548,
        "avg_log_prob": -0.9888626566875894,
        "mae": 0.37370928108466955,
        "mse": 0.2353004528361631
      }
    },
    "svgp": [
      {
        "n_opt_steps": 22,
        "train_time": 1096.5925648789853,
        "eval_time": 34.90516488812864,
        "metrics": {
          "R2": 0.8885682036231655,
          "avg_log_prob": -0.5646419481319074,
          "mae": 0.31733548276660567,
          "mse": 0.17537875411149872
        }
      }
    ]
  },
  "args": {
    "logfile": "results/regression/M5000/countTrue/PARP1/svgp-T_DP-1.log",
    "output_json": "results/regression/M5000/countTrue/PARP1/svgp-T_DP-1.json",
    "seed": 1,
    "num_jobs": 1,
    "dataset": "dockstring",
    "target": "PARP1",
    "fp_dim": 1024,
    "binary_fps": false,
    "kernel": "T_DP",
    "num_exact_fit": 5000,
    "eval_rsgp": true,
    "rsgp_subset_sizes": [
      5000
    ],
    "fit_svgp": true,
    "svgp_num_inducing_points": 5000,
    "svgp_inducing_init": "kmeans",
    "svgp_pretrain_num_steps": 22,
    "svgp_pretrain_batch_size": 10000,
    "svgp_pretrain_lr": 0.1,
    "svgp_pretrain_eval_interval": 22,
    "svgp_num_steps": 0,
    "svgp_batch_size": 256,
    "svgp_lr": 0.001,
    "svgp_eval_interval": 1000,
    "fit_rfgp": false,
    "num_random_features": 1000,
    "tdp_bias_correction": "normalize",
    "tmm_distribution": "Rademacher"
  },
  "data_shapes": {
    "train": [
      221270,
      1024
    ],
    "test": [
      38879,
      1024
    ]
  },
  "gp_hparams": {
    "outputscale": 0.6925156863252597,
    "noise": 0.10117095347420799,
    "mean": -6.973509968957844
  }
}