{
  "times": {
    "make_fps": 85.53226993046701,
    "fit_subset_gp": 139.1567241922021,
    "eval_subset_gp": {
      "0;5000": 347.49136006459594
    },
    "init_inducing_points": 1251.3669219966978
  },
  "metrics": {
    "eval_subset_gp": {
      "0;5000": {
        "R2": 0.846398700361814,
        "avg_log_prob": -1.0014487640754581,
        "mae": 0.37583975218293514,
        "mse": 0.2417479160916791
      }
    },
    "svgp": [
      {
        "n_opt_steps": 22,
        "train_time": 1750.0095913540572,
        "eval_time": 122.0025926027447,
        "metrics": {
          "R2": 0.8888353240018774,
          "avg_log_prob": -0.6083092469934848,
          "mae": 0.3159385071167013,
          "mse": 0.17495834233730578
        }
      }
    ]
  },
  "args": {
    "logfile": "results/regression/M5000/countTrue/PARP1/svgp-T_MM-4.log",
    "output_json": "results/regression/M5000/countTrue/PARP1/svgp-T_MM-4.json",
    "seed": 4,
    "num_jobs": 1,
    "dataset": "dockstring",
    "target": "PARP1",
    "fp_dim": 1024,
    "binary_fps": false,
    "kernel": "T_MM",
    "num_exact_fit": 5000,
    "eval_rsgp": true,
    "rsgp_subset_sizes": [
      5000
    ],
    "fit_svgp": true,
    "svgp_num_inducing_points": 5000,
    "svgp_inducing_init": "kmeans",
    "svgp_pretrain_num_steps": 22,
    "svgp_pretrain_batch_size": 10000,
    "svgp_pretrain_lr": 0.1,
    "svgp_pretrain_eval_interval": 22,
    "svgp_num_steps": 0,
    "svgp_batch_size": 256,
    "svgp_lr": 0.001,
    "svgp_eval_interval": 1000,
    "fit_rfgp": false,
    "num_random_features": 1000,
    "tdp_bias_correction": "normalize",
    "tmm_distribution": "Rademacher"
  },
  "data_shapes": {
    "train": [
      221270,
      1024
    ],
    "test": [
      38879,
      1024
    ]
  },
  "gp_hparams": {
    "outputscale": 0.5813428781083539,
    "noise": 0.0806961338541318,
    "mean": -6.916023829598187
  }
}