{
  "times": {
    "make_fps": 91.57481136731803,
    "fit_subset_gp": 69.94743835926056,
    "eval_subset_gp": {
      "0;5000": 94.7487005200237
    },
    "init_inducing_points": 958.2462716586888
  },
  "metrics": {
    "eval_subset_gp": {
      "0;5000": {
        "R2": 0.8515457160020404,
        "avg_log_prob": -0.9863626378834115,
        "mae": 0.37119772218323893,
        "mse": 0.23364720139690123
      }
    },
    "svgp": [
      {
        "n_opt_steps": 22,
        "train_time": 691.7847627196461,
        "eval_time": 29.9301054533571,
        "metrics": {
          "R2": 0.888849489784262,
          "avg_log_prob": -0.5655488410973539,
          "mae": 0.3168666507634864,
          "mse": 0.17493604728915607
        }
      }
    ]
  },
  "args": {
    "logfile": "results/regression/M5000/countTrue/PARP1/svgp-T_DP-5.log",
    "output_json": "results/regression/M5000/countTrue/PARP1/svgp-T_DP-5.json",
    "seed": 5,
    "num_jobs": 1,
    "dataset": "dockstring",
    "target": "PARP1",
    "fp_dim": 1024,
    "binary_fps": false,
    "kernel": "T_DP",
    "num_exact_fit": 5000,
    "eval_rsgp": true,
    "rsgp_subset_sizes": [
      5000
    ],
    "fit_svgp": true,
    "svgp_num_inducing_points": 5000,
    "svgp_inducing_init": "kmeans",
    "svgp_pretrain_num_steps": 22,
    "svgp_pretrain_batch_size": 10000,
    "svgp_pretrain_lr": 0.1,
    "svgp_pretrain_eval_interval": 22,
    "svgp_num_steps": 0,
    "svgp_batch_size": 256,
    "svgp_lr": 0.001,
    "svgp_eval_interval": 1000,
    "fit_rfgp": false,
    "num_random_features": 1000,
    "tdp_bias_correction": "normalize",
    "tmm_distribution": "Rademacher"
  },
  "data_shapes": {
    "train": [
      221270,
      1024
    ],
    "test": [
      38879,
      1024
    ]
  },
  "gp_hparams": {
    "outputscale": 0.6753873987474146,
    "noise": 0.10940117580163457,
    "mean": -7.0189635093747516
  }
}