{
  "times": {
    "make_fps": 82.49342939816415,
    "fit_subset_gp": 46.52661352790892,
    "eval_subset_gp": {
      "0;5000": 69.0832796599716
    },
    "init_inducing_points": 732.8723302092403
  },
  "metrics": {
    "eval_subset_gp": {
      "0;5000": {
        "R2": 0.852521920657768,
        "avg_log_prob": -0.9853272028093106,
        "mae": 0.37091686435783405,
        "mse": 0.23211078574314678
      }
    },
    "svgp": [
      {
        "n_opt_steps": 22,
        "train_time": 745.9821550603956,
        "eval_time": 38.69276260770857,
        "metrics": {
          "R2": 0.888568749122628,
          "avg_log_prob": -0.5712979465806548,
          "mae": 0.3169028508464585,
          "mse": 0.1753778955682534
        }
      }
    ]
  },
  "args": {
    "logfile": "results/regression/M5000/countTrue/PARP1/svgp-T_DP-3.log",
    "output_json": "results/regression/M5000/countTrue/PARP1/svgp-T_DP-3.json",
    "seed": 3,
    "num_jobs": 1,
    "dataset": "dockstring",
    "target": "PARP1",
    "fp_dim": 1024,
    "binary_fps": false,
    "kernel": "T_DP",
    "num_exact_fit": 5000,
    "eval_rsgp": true,
    "rsgp_subset_sizes": [
      5000
    ],
    "fit_svgp": true,
    "svgp_num_inducing_points": 5000,
    "svgp_inducing_init": "kmeans",
    "svgp_pretrain_num_steps": 22,
    "svgp_pretrain_batch_size": 10000,
    "svgp_pretrain_lr": 0.1,
    "svgp_pretrain_eval_interval": 22,
    "svgp_num_steps": 0,
    "svgp_batch_size": 256,
    "svgp_lr": 0.001,
    "svgp_eval_interval": 1000,
    "fit_rfgp": false,
    "num_random_features": 1000,
    "tdp_bias_correction": "normalize",
    "tmm_distribution": "Rademacher"
  },
  "data_shapes": {
    "train": [
      221270,
      1024
    ],
    "test": [
      38879,
      1024
    ]
  },
  "gp_hparams": {
    "outputscale": 0.6730168504660355,
    "noise": 0.12134695495854363,
    "mean": -6.982751573702797
  }
}