{
  "times": {
    "make_fps": 84.84471945278347,
    "fit_subset_gp": 198.0797562804073,
    "eval_subset_gp": {
      "0;5000": 454.5064245797694
    },
    "init_inducing_points": 1679.071498291567
  },
  "metrics": {
    "eval_subset_gp": {
      "0;5000": {
        "R2": 0.8497044071329232,
        "avg_log_prob": -0.9999984181292382,
        "mae": 0.37262264143572016,
        "mse": 0.236545175457269
      }
    },
    "svgp": [
      {
        "n_opt_steps": 22,
        "train_time": 1743.7387516517192,
        "eval_time": 111.01370929926634,
        "metrics": {
          "R2": 0.8888266696079288,
          "avg_log_prob": -0.6088356824658057,
          "mae": 0.3159124158185153,
          "mse": 0.17497196319668035
        }
      }
    ]
  },
  "args": {
    "logfile": "results/regression/M5000/countTrue/PARP1/svgp-T_MM-2.log",
    "output_json": "results/regression/M5000/countTrue/PARP1/svgp-T_MM-2.json",
    "seed": 2,
    "num_jobs": 1,
    "dataset": "dockstring",
    "target": "PARP1",
    "fp_dim": 1024,
    "binary_fps": false,
    "kernel": "T_MM",
    "num_exact_fit": 5000,
    "eval_rsgp": true,
    "rsgp_subset_sizes": [
      5000
    ],
    "fit_svgp": true,
    "svgp_num_inducing_points": 5000,
    "svgp_inducing_init": "kmeans",
    "svgp_pretrain_num_steps": 22,
    "svgp_pretrain_batch_size": 10000,
    "svgp_pretrain_lr": 0.1,
    "svgp_pretrain_eval_interval": 22,
    "svgp_num_steps": 0,
    "svgp_batch_size": 256,
    "svgp_lr": 0.001,
    "svgp_eval_interval": 1000,
    "fit_rfgp": false,
    "num_random_features": 1000,
    "tdp_bias_correction": "normalize",
    "tmm_distribution": "Rademacher"
  },
  "data_shapes": {
    "train": [
      221270,
      1024
    ],
    "test": [
      38879,
      1024
    ]
  },
  "gp_hparams": {
    "outputscale": 0.5880742883032547,
    "noise": 0.07920311777256851,
    "mean": -6.878821421613939
  }
}