{
  "times": {
    "make_fps": 113.59093690104783,
    "fit_subset_gp": 188.754154747352,
    "eval_subset_gp": {
      "0;5000": 440.47543670237064
    },
    "init_inducing_points": 1681.2043312750757
  },
  "metrics": {
    "eval_subset_gp": {
      "0;5000": {
        "R2": 0.8485547844500226,
        "avg_log_prob": -0.9965477563932196,
        "mae": 0.37204594280828285,
        "mse": 0.2383545279076556
      }
    },
    "svgp": [
      {
        "n_opt_steps": 22,
        "train_time": 1269.8715116474777,
        "eval_time": 83.86167017929256,
        "metrics": {
          "R2": 0.8886846264846749,
          "avg_log_prob": -0.6015446134776827,
          "mae": 0.31599502591607165,
          "mse": 0.17519552008794786
        }
      }
    ]
  },
  "args": {
    "logfile": "results/regression/M5000/countTrue/PARP1/svgp-T_MM-5.log",
    "output_json": "results/regression/M5000/countTrue/PARP1/svgp-T_MM-5.json",
    "seed": 5,
    "num_jobs": 1,
    "dataset": "dockstring",
    "target": "PARP1",
    "fp_dim": 1024,
    "binary_fps": false,
    "kernel": "T_MM",
    "num_exact_fit": 5000,
    "eval_rsgp": true,
    "rsgp_subset_sizes": [
      5000
    ],
    "fit_svgp": true,
    "svgp_num_inducing_points": 5000,
    "svgp_inducing_init": "kmeans",
    "svgp_pretrain_num_steps": 22,
    "svgp_pretrain_batch_size": 10000,
    "svgp_pretrain_lr": 0.1,
    "svgp_pretrain_eval_interval": 22,
    "svgp_num_steps": 0,
    "svgp_batch_size": 256,
    "svgp_lr": 0.001,
    "svgp_eval_interval": 1000,
    "fit_rfgp": false,
    "num_random_features": 1000,
    "tdp_bias_correction": "normalize",
    "tmm_distribution": "Rademacher"
  },
  "data_shapes": {
    "train": [
      221270,
      1024
    ],
    "test": [
      38879,
      1024
    ]
  },
  "gp_hparams": {
    "outputscale": 0.5555751455103002,
    "noise": 0.08115936151711363,
    "mean": -7.03040926561856
  }
}