{
  "times": {
    "make_fps": 92.4661901332438,
    "fit_subset_gp": 146.7044824603945,
    "eval_subset_gp": {
      "0;5000": 415.4696781206876
    },
    "make_random_features_train": 2480.840252025053,
    "make_random_features_test": 389.9815252702683,
    "rfgp_predictions": 154.75802499242127
  },
  "metrics": {
    "eval_subset_gp": {
      "0;5000": {
        "R2": 0.6944023868217324,
        "avg_log_prob": -1.0903168599975515,
        "mae": 0.4665449800849895,
        "mse": 0.36029126013522367
      }
    },
    "rfgp": {
      "R2": 0.7011990914021105,
      "avg_log_prob": -1.205990433680623,
      "mae": 0.46070427245015233,
      "mse": 0.3522781306066145
    }
  },
  "args": {
    "logfile": "results/regression/M5000/countTrue/KIT/rfgp-Gaussian-T_MM-2.log",
    "output_json": "results/regression/M5000/countTrue/KIT/rfgp-Gaussian-T_MM-2.json",
    "seed": 2,
    "num_jobs": 6,
    "dataset": "dockstring",
    "target": "KIT",
    "fp_dim": 1024,
    "binary_fps": false,
    "kernel": "T_MM",
    "num_exact_fit": 5000,
    "eval_rsgp": true,
    "rsgp_subset_sizes": [
      5000
    ],
    "fit_svgp": false,
    "svgp_num_inducing_points": 100,
    "svgp_inducing_init": "kmeans",
    "svgp_pretrain_num_steps": 100,
    "svgp_pretrain_batch_size": 4096,
    "svgp_pretrain_lr": 0.1,
    "svgp_pretrain_eval_interval": 100,
    "svgp_num_steps": 50000,
    "svgp_batch_size": 256,
    "svgp_lr": 0.001,
    "svgp_eval_interval": 1000,
    "fit_rfgp": true,
    "num_random_features": 5000,
    "tdp_bias_correction": "normalize",
    "tmm_distribution": "Gaussian"
  },
  "data_shapes": {
    "train": [
      221270,
      1024
    ],
    "test": [
      38880,
      1024
    ]
  },
  "gp_hparams": {
    "outputscale": 0.8085960382370158,
    "noise": 0.13357095881406073,
    "mean": -6.0461232142406764
  }
}