{
  "times": {
    "make_fps": 85.89618818834424,
    "fit_subset_gp": 49.55908018909395,
    "eval_subset_gp": {
      "0;5000": 66.27562217600644
    },
    "make_random_features_train": 794.8271889910102,
    "make_random_features_test": 153.33551767654717,
    "rfgp_predictions": 163.80027080886066
  },
  "metrics": {
    "eval_subset_gp": {
      "0;5000": {
        "R2": 0.6932868057489698,
        "avg_log_prob": -1.0765208556528703,
        "mae": 0.4669792301881426,
        "mse": 0.3616064998267528
      }
    },
    "rfgp": {
      "R2": 0.7160092507963194,
      "avg_log_prob": -0.9832670319704545,
      "mae": 0.4480828296174313,
      "mse": 0.33481735617369907
    }
  },
  "args": {
    "logfile": "results/regression/M5000/countTrue/KIT/rfgp-sketch_error-T_DP-3.log",
    "output_json": "results/regression/M5000/countTrue/KIT/rfgp-sketch_error-T_DP-3.json",
    "seed": 3,
    "num_jobs": 1,
    "dataset": "dockstring",
    "target": "KIT",
    "fp_dim": 1024,
    "binary_fps": false,
    "kernel": "T_DP",
    "num_exact_fit": 5000,
    "eval_rsgp": true,
    "rsgp_subset_sizes": [
      5000
    ],
    "fit_svgp": false,
    "svgp_num_inducing_points": 100,
    "svgp_inducing_init": "kmeans",
    "svgp_pretrain_num_steps": 100,
    "svgp_pretrain_batch_size": 4096,
    "svgp_pretrain_lr": 0.1,
    "svgp_pretrain_eval_interval": 100,
    "svgp_num_steps": 50000,
    "svgp_batch_size": 256,
    "svgp_lr": 0.001,
    "svgp_eval_interval": 1000,
    "fit_rfgp": true,
    "num_random_features": 5000,
    "tdp_bias_correction": "sketch_error",
    "tmm_distribution": "Rademacher"
  },
  "data_shapes": {
    "train": [
      221270,
      1024
    ],
    "test": [
      38880,
      1024
    ]
  },
  "gp_hparams": {
    "outputscale": 0.9238398389049852,
    "noise": 0.17875197103111276,
    "mean": -5.92119210039349
  }
}