{
  "times": {
    "make_fps": 96.65563140623271,
    "fit_subset_gp": 77.73294533602893,
    "eval_subset_gp": {
      "0;5000": 101.51405088789761
    },
    "make_random_features_train": 747.9512424357235,
    "make_random_features_test": 133.11448886990547,
    "rfgp_predictions": 129.90004168264568
  },
  "metrics": {
    "eval_subset_gp": {
      "0;5000": {
        "R2": 0.696174333876769,
        "avg_log_prob": -1.077443479021549,
        "mae": 0.46469719175872715,
        "mse": 0.3582021828328443
      }
    },
    "rfgp": {
      "R2": 0.7181262120009029,
      "avg_log_prob": -0.9577925341248357,
      "mae": 0.4454982415270809,
      "mse": 0.33232151658868303
    }
  },
  "args": {
    "logfile": "results/regression/M5000/countTrue/KIT/rfgp-none-T_DP-1.log",
    "output_json": "results/regression/M5000/countTrue/KIT/rfgp-none-T_DP-1.json",
    "seed": 1,
    "num_jobs": 1,
    "dataset": "dockstring",
    "target": "KIT",
    "fp_dim": 1024,
    "binary_fps": false,
    "kernel": "T_DP",
    "num_exact_fit": 5000,
    "eval_rsgp": true,
    "rsgp_subset_sizes": [
      5000
    ],
    "fit_svgp": false,
    "svgp_num_inducing_points": 100,
    "svgp_inducing_init": "kmeans",
    "svgp_pretrain_num_steps": 100,
    "svgp_pretrain_batch_size": 4096,
    "svgp_pretrain_lr": 0.1,
    "svgp_pretrain_eval_interval": 100,
    "svgp_num_steps": 50000,
    "svgp_batch_size": 256,
    "svgp_lr": 0.001,
    "svgp_eval_interval": 1000,
    "fit_rfgp": true,
    "num_random_features": 5000,
    "tdp_bias_correction": "none",
    "tmm_distribution": "Rademacher"
  },
  "data_shapes": {
    "train": [
      221270,
      1024
    ],
    "test": [
      38880,
      1024
    ]
  },
  "gp_hparams": {
    "outputscale": 0.954725626505198,
    "noise": 0.18749244841105442,
    "mean": -5.8131933772873285
  }
}