{
  "times": {
    "make_fps": 101.84394995495677,
    "fit_subset_gp": 53.25213831104338,
    "eval_subset_gp": {
      "0;5000": 73.75278276763856
    },
    "make_random_features_train": 785.3700132966042,
    "make_random_features_test": 127.59148302488029,
    "rfgp_predictions": 87.20376629382372
  },
  "metrics": {
    "eval_subset_gp": {
      "0;5000": {
        "R2": 0.694781511935322,
        "avg_log_prob": -1.073487928396034,
        "mae": 0.46650320343831525,
        "mse": 0.35984428195531076
      }
    },
    "rfgp": {
      "R2": 0.7174751324886834,
      "avg_log_prob": -0.9666698644849693,
      "mae": 0.4461852326627769,
      "mse": 0.33308912159536525
    }
  },
  "args": {
    "logfile": "results/regression/M5000/countTrue/KIT/rfgp-sketch_error-T_DP-2.log",
    "output_json": "results/regression/M5000/countTrue/KIT/rfgp-sketch_error-T_DP-2.json",
    "seed": 2,
    "num_jobs": 1,
    "dataset": "dockstring",
    "target": "KIT",
    "fp_dim": 1024,
    "binary_fps": false,
    "kernel": "T_DP",
    "num_exact_fit": 5000,
    "eval_rsgp": true,
    "rsgp_subset_sizes": [
      5000
    ],
    "fit_svgp": false,
    "svgp_num_inducing_points": 100,
    "svgp_inducing_init": "kmeans",
    "svgp_pretrain_num_steps": 100,
    "svgp_pretrain_batch_size": 4096,
    "svgp_pretrain_lr": 0.1,
    "svgp_pretrain_eval_interval": 100,
    "svgp_num_steps": 50000,
    "svgp_batch_size": 256,
    "svgp_lr": 0.001,
    "svgp_eval_interval": 1000,
    "fit_rfgp": true,
    "num_random_features": 5000,
    "tdp_bias_correction": "sketch_error",
    "tmm_distribution": "Rademacher"
  },
  "data_shapes": {
    "train": [
      221270,
      1024
    ],
    "test": [
      38880,
      1024
    ]
  },
  "gp_hparams": {
    "outputscale": 0.8836031340298299,
    "noise": 0.1842015425873209,
    "mean": -5.894703021671936
  }
}