{
  "times": {
    "make_fps": 85.36783164553344,
    "fit_subset_gp": 71.12451858632267,
    "eval_subset_gp": {
      "0;5000": 95.90423424169421
    },
    "make_random_features_train": 737.8458123356104,
    "make_random_features_test": 141.90257577970624,
    "rfgp_predictions": 115.90481834113598
  },
  "metrics": {
    "eval_subset_gp": {
      "0;5000": {
        "R2": 0.696174333876769,
        "avg_log_prob": -1.077443479021549,
        "mae": 0.46469719175872715,
        "mse": 0.3582021828328443
      }
    },
    "rfgp": {
      "R2": 0.7177799301788235,
      "avg_log_prob": -0.9588058478450423,
      "mae": 0.4459228411318347,
      "mse": 0.3327297734226986
    }
  },
  "args": {
    "logfile": "results/regression/M5000/countTrue/KIT/rfgp-normalize-T_DP-1.log",
    "output_json": "results/regression/M5000/countTrue/KIT/rfgp-normalize-T_DP-1.json",
    "seed": 1,
    "num_jobs": 1,
    "dataset": "dockstring",
    "target": "KIT",
    "fp_dim": 1024,
    "binary_fps": false,
    "kernel": "T_DP",
    "num_exact_fit": 5000,
    "eval_rsgp": true,
    "rsgp_subset_sizes": [
      5000
    ],
    "fit_svgp": false,
    "svgp_num_inducing_points": 100,
    "svgp_inducing_init": "kmeans",
    "svgp_pretrain_num_steps": 100,
    "svgp_pretrain_batch_size": 4096,
    "svgp_pretrain_lr": 0.1,
    "svgp_pretrain_eval_interval": 100,
    "svgp_num_steps": 50000,
    "svgp_batch_size": 256,
    "svgp_lr": 0.001,
    "svgp_eval_interval": 1000,
    "fit_rfgp": true,
    "num_random_features": 5000,
    "tdp_bias_correction": "normalize",
    "tmm_distribution": "Rademacher"
  },
  "data_shapes": {
    "train": [
      221270,
      1024
    ],
    "test": [
      38880,
      1024
    ]
  },
  "gp_hparams": {
    "outputscale": 0.954725626505198,
    "noise": 0.18749244841105442,
    "mean": -5.8131933772873285
  }
}