{
  "times": {
    "make_fps": 80.06216265447438,
    "fit_subset_gp": 178.4190021045506,
    "eval_subset_gp": {
      "0;5000": 534.1122807767242
    },
    "make_random_features_train": 2522.686729280278,
    "make_random_features_test": 347.78658814169466,
    "rfgp_predictions": 105.0537780392915
  },
  "metrics": {
    "eval_subset_gp": {
      "0;5000": {
        "R2": 0.6968674815565461,
        "avg_log_prob": -1.0966527710024576,
        "mae": 0.4640564553034727,
        "mse": 0.3573849806027306
      }
    },
    "rfgp": {
      "R2": 0.7023362787325651,
      "avg_log_prob": -1.3060764083733993,
      "mae": 0.45947654725445786,
      "mse": 0.3509374177259143
    }
  },
  "args": {
    "logfile": "results/regression/M5000/countTrue/KIT/rfgp-Rademacher-T_MM-5.log",
    "output_json": "results/regression/M5000/countTrue/KIT/rfgp-Rademacher-T_MM-5.json",
    "seed": 5,
    "num_jobs": 6,
    "dataset": "dockstring",
    "target": "KIT",
    "fp_dim": 1024,
    "binary_fps": false,
    "kernel": "T_MM",
    "num_exact_fit": 5000,
    "eval_rsgp": true,
    "rsgp_subset_sizes": [
      5000
    ],
    "fit_svgp": false,
    "svgp_num_inducing_points": 100,
    "svgp_inducing_init": "kmeans",
    "svgp_pretrain_num_steps": 100,
    "svgp_pretrain_batch_size": 4096,
    "svgp_pretrain_lr": 0.1,
    "svgp_pretrain_eval_interval": 100,
    "svgp_num_steps": 50000,
    "svgp_batch_size": 256,
    "svgp_lr": 0.001,
    "svgp_eval_interval": 1000,
    "fit_rfgp": true,
    "num_random_features": 5000,
    "tdp_bias_correction": "normalize",
    "tmm_distribution": "Rademacher"
  },
  "data_shapes": {
    "train": [
      221270,
      1024
    ],
    "test": [
      38880,
      1024
    ]
  },
  "gp_hparams": {
    "outputscale": 0.8921976541375747,
    "noise": 0.11815215513369248,
    "mean": -6.053680776796759
  }
}