{
  "times": {
    "make_fps": 99.34065250307322,
    "fit_subset_gp": 69.84394939243793,
    "eval_subset_gp": {
      "0;5000": 100.12179040163755
    },
    "make_random_features_train": 746.795140683651,
    "make_random_features_test": 138.27117822691798,
    "rfgp_predictions": 134.55584473907948
  },
  "metrics": {
    "eval_subset_gp": {
      "0;5000": {
        "R2": 0.6992298586478429,
        "avg_log_prob": -1.076122413215052,
        "mae": 0.46286569424438556,
        "mse": 0.35459980237347055
      }
    },
    "rfgp": {
      "R2": 0.7125946437403458,
      "avg_log_prob": -1.0015219960509167,
      "mae": 0.4494782112912531,
      "mse": 0.33884308486401354
    }
  },
  "args": {
    "logfile": "results/regression/M5000/countTrue/KIT/rfgp-normalize-T_DP-5.log",
    "output_json": "results/regression/M5000/countTrue/KIT/rfgp-normalize-T_DP-5.json",
    "seed": 5,
    "num_jobs": 1,
    "dataset": "dockstring",
    "target": "KIT",
    "fp_dim": 1024,
    "binary_fps": false,
    "kernel": "T_DP",
    "num_exact_fit": 5000,
    "eval_rsgp": true,
    "rsgp_subset_sizes": [
      5000
    ],
    "fit_svgp": false,
    "svgp_num_inducing_points": 100,
    "svgp_inducing_init": "kmeans",
    "svgp_pretrain_num_steps": 100,
    "svgp_pretrain_batch_size": 4096,
    "svgp_pretrain_lr": 0.1,
    "svgp_pretrain_eval_interval": 100,
    "svgp_num_steps": 50000,
    "svgp_batch_size": 256,
    "svgp_lr": 0.001,
    "svgp_eval_interval": 1000,
    "fit_rfgp": true,
    "num_random_features": 5000,
    "tdp_bias_correction": "normalize",
    "tmm_distribution": "Rademacher"
  },
  "data_shapes": {
    "train": [
      221270,
      1024
    ],
    "test": [
      38880,
      1024
    ]
  },
  "gp_hparams": {
    "outputscale": 0.9629856077041983,
    "noise": 0.17547494829488847,
    "mean": -5.969126231219795
  }
}