{
  "times": {
    "make_fps": 89.39774546958506,
    "fit_subset_gp": 74.4796904437244,
    "eval_subset_gp": {
      "0;5000": 91.17077932879329
    },
    "make_random_features_train": 792.4567406009883,
    "make_random_features_test": 142.78425851278007,
    "rfgp_predictions": 103.17271704226732
  },
  "metrics": {
    "eval_subset_gp": {
      "0;5000": {
        "R2": 0.696174333876769,
        "avg_log_prob": -1.077443479021549,
        "mae": 0.46469719175872715,
        "mse": 0.3582021828328443
      }
    },
    "rfgp": {
      "R2": 0.7175149248885124,
      "avg_log_prob": -0.9597230760378311,
      "mae": 0.4462402571282003,
      "mse": 0.33304220744008406
    }
  },
  "args": {
    "logfile": "results/regression/M5000/countTrue/KIT/rfgp-sketch_error-T_DP-1.log",
    "output_json": "results/regression/M5000/countTrue/KIT/rfgp-sketch_error-T_DP-1.json",
    "seed": 1,
    "num_jobs": 1,
    "dataset": "dockstring",
    "target": "KIT",
    "fp_dim": 1024,
    "binary_fps": false,
    "kernel": "T_DP",
    "num_exact_fit": 5000,
    "eval_rsgp": true,
    "rsgp_subset_sizes": [
      5000
    ],
    "fit_svgp": false,
    "svgp_num_inducing_points": 100,
    "svgp_inducing_init": "kmeans",
    "svgp_pretrain_num_steps": 100,
    "svgp_pretrain_batch_size": 4096,
    "svgp_pretrain_lr": 0.1,
    "svgp_pretrain_eval_interval": 100,
    "svgp_num_steps": 50000,
    "svgp_batch_size": 256,
    "svgp_lr": 0.001,
    "svgp_eval_interval": 1000,
    "fit_rfgp": true,
    "num_random_features": 5000,
    "tdp_bias_correction": "sketch_error",
    "tmm_distribution": "Rademacher"
  },
  "data_shapes": {
    "train": [
      221270,
      1024
    ],
    "test": [
      38880,
      1024
    ]
  },
  "gp_hparams": {
    "outputscale": 0.954725626505198,
    "noise": 0.18749244841105442,
    "mean": -5.8131933772873285
  }
}