{
  "times": {
    "make_fps": 90.35608466900885,
    "fit_subset_gp": 48.68072512932122,
    "eval_subset_gp": {
      "0;5000": 74.36594318784773
    },
    "make_random_features_train": 772.884928220883,
    "make_random_features_test": 134.17714983969927,
    "rfgp_predictions": 117.43982147984207
  },
  "metrics": {
    "eval_subset_gp": {
      "0;5000": {
        "R2": 0.6932868057489698,
        "avg_log_prob": -1.0765208556528703,
        "mae": 0.4669792301881426,
        "mse": 0.3616064998267528
      }
    },
    "rfgp": {
      "R2": 0.7163653026486092,
      "avg_log_prob": -0.9819680245061427,
      "mae": 0.4474517756298144,
      "mse": 0.3343975807402432
    }
  },
  "args": {
    "logfile": "results/regression/M5000/countTrue/KIT/rfgp-normalize-T_DP-3.log",
    "output_json": "results/regression/M5000/countTrue/KIT/rfgp-normalize-T_DP-3.json",
    "seed": 3,
    "num_jobs": 1,
    "dataset": "dockstring",
    "target": "KIT",
    "fp_dim": 1024,
    "binary_fps": false,
    "kernel": "T_DP",
    "num_exact_fit": 5000,
    "eval_rsgp": true,
    "rsgp_subset_sizes": [
      5000
    ],
    "fit_svgp": false,
    "svgp_num_inducing_points": 100,
    "svgp_inducing_init": "kmeans",
    "svgp_pretrain_num_steps": 100,
    "svgp_pretrain_batch_size": 4096,
    "svgp_pretrain_lr": 0.1,
    "svgp_pretrain_eval_interval": 100,
    "svgp_num_steps": 50000,
    "svgp_batch_size": 256,
    "svgp_lr": 0.001,
    "svgp_eval_interval": 1000,
    "fit_rfgp": true,
    "num_random_features": 5000,
    "tdp_bias_correction": "normalize",
    "tmm_distribution": "Rademacher"
  },
  "data_shapes": {
    "train": [
      221270,
      1024
    ],
    "test": [
      38880,
      1024
    ]
  },
  "gp_hparams": {
    "outputscale": 0.9238398389049852,
    "noise": 0.17875197103111276,
    "mean": -5.92119210039349
  }
}