{
  "times": {
    "make_fps": 107.38691914081573,
    "fit_subset_gp": 76.8139840811491,
    "eval_subset_gp": {
      "0;5000": 80.67384448833764
    },
    "make_random_features_train": 801.0456042718142,
    "make_random_features_test": 105.20985627360642,
    "rfgp_predictions": 100.2261403221637
  },
  "metrics": {
    "eval_subset_gp": {
      "0;5000": {
        "R2": 0.694781511935322,
        "avg_log_prob": -1.073487928396034,
        "mae": 0.46650320343831525,
        "mse": 0.35984428195531076
      }
    },
    "rfgp": {
      "R2": 0.7164024709058033,
      "avg_log_prob": -0.9698179064188338,
      "mae": 0.4472820048583548,
      "mse": 0.33435376037763564
    }
  },
  "args": {
    "logfile": "results/regression/M5000/countTrue/KIT/rfgp-normalize-T_DP-2.log",
    "output_json": "results/regression/M5000/countTrue/KIT/rfgp-normalize-T_DP-2.json",
    "seed": 2,
    "num_jobs": 1,
    "dataset": "dockstring",
    "target": "KIT",
    "fp_dim": 1024,
    "binary_fps": false,
    "kernel": "T_DP",
    "num_exact_fit": 5000,
    "eval_rsgp": true,
    "rsgp_subset_sizes": [
      5000
    ],
    "fit_svgp": false,
    "svgp_num_inducing_points": 100,
    "svgp_inducing_init": "kmeans",
    "svgp_pretrain_num_steps": 100,
    "svgp_pretrain_batch_size": 4096,
    "svgp_pretrain_lr": 0.1,
    "svgp_pretrain_eval_interval": 100,
    "svgp_num_steps": 50000,
    "svgp_batch_size": 256,
    "svgp_lr": 0.001,
    "svgp_eval_interval": 1000,
    "fit_rfgp": true,
    "num_random_features": 5000,
    "tdp_bias_correction": "normalize",
    "tmm_distribution": "Rademacher"
  },
  "data_shapes": {
    "train": [
      221270,
      1024
    ],
    "test": [
      38880,
      1024
    ]
  },
  "gp_hparams": {
    "outputscale": 0.8836031340298299,
    "noise": 0.1842015425873209,
    "mean": -5.894703021671936
  }
}