{
  "times": {
    "make_fps": 114.7654266282916,
    "fit_subset_gp": 137.4346540234983,
    "eval_subset_gp": {
      "0;5000": 350.6287278458476
    },
    "make_random_features_train": 1710.912605119869,
    "make_random_features_test": 324.8394821193069,
    "rfgp_predictions": 153.8483161367476
  },
  "metrics": {
    "eval_subset_gp": {
      "0;5000": {
        "R2": 0.6968047433848525,
        "avg_log_prob": -1.0927718024665287,
        "mae": 0.4641608754706639,
        "mse": 0.3574589471978979
      }
    },
    "rfgp": {
      "R2": 0.7019406269709523,
      "avg_log_prob": -1.2016750705869905,
      "mae": 0.45991687379262636,
      "mse": 0.351403880373589
    }
  },
  "args": {
    "logfile": "results/regression/M5000/countTrue/KIT/rfgp-Gaussian-T_MM-4.log",
    "output_json": "results/regression/M5000/countTrue/KIT/rfgp-Gaussian-T_MM-4.json",
    "seed": 4,
    "num_jobs": 6,
    "dataset": "dockstring",
    "target": "KIT",
    "fp_dim": 1024,
    "binary_fps": false,
    "kernel": "T_MM",
    "num_exact_fit": 5000,
    "eval_rsgp": true,
    "rsgp_subset_sizes": [
      5000
    ],
    "fit_svgp": false,
    "svgp_num_inducing_points": 100,
    "svgp_inducing_init": "kmeans",
    "svgp_pretrain_num_steps": 100,
    "svgp_pretrain_batch_size": 4096,
    "svgp_pretrain_lr": 0.1,
    "svgp_pretrain_eval_interval": 100,
    "svgp_num_steps": 50000,
    "svgp_batch_size": 256,
    "svgp_lr": 0.001,
    "svgp_eval_interval": 1000,
    "fit_rfgp": true,
    "num_random_features": 5000,
    "tdp_bias_correction": "normalize",
    "tmm_distribution": "Gaussian"
  },
  "data_shapes": {
    "train": [
      221270,
      1024
    ],
    "test": [
      38880,
      1024
    ]
  },
  "gp_hparams": {
    "outputscale": 0.8487580275811482,
    "noise": 0.1337348419181356,
    "mean": -6.10910691790528
  }
}