{
  "times": {
    "make_fps": 83.66035475023091,
    "fit_subset_gp": 137.26135485060513,
    "eval_subset_gp": {
      "0;5000": 419.16302000172436
    },
    "make_random_features_train": 2566.7027057670057,
    "make_random_features_test": 369.6787168290466,
    "rfgp_predictions": 168.8433975689113
  },
  "metrics": {
    "eval_subset_gp": {
      "0;5000": {
        "R2": 0.6946307075687441,
        "avg_log_prob": -1.0952033561395997,
        "mae": 0.46595209816754674,
        "mse": 0.3600220761949423
      }
    },
    "rfgp": {
      "R2": 0.7038315913595292,
      "avg_log_prob": -1.1845547503705482,
      "mae": 0.4589202183332304,
      "mse": 0.34917448487751307
    }
  },
  "args": {
    "logfile": "results/regression/M5000/countTrue/KIT/rfgp-Gaussian-T_MM-1.log",
    "output_json": "results/regression/M5000/countTrue/KIT/rfgp-Gaussian-T_MM-1.json",
    "seed": 1,
    "num_jobs": 6,
    "dataset": "dockstring",
    "target": "KIT",
    "fp_dim": 1024,
    "binary_fps": false,
    "kernel": "T_MM",
    "num_exact_fit": 5000,
    "eval_rsgp": true,
    "rsgp_subset_sizes": [
      5000
    ],
    "fit_svgp": false,
    "svgp_num_inducing_points": 100,
    "svgp_inducing_init": "kmeans",
    "svgp_pretrain_num_steps": 100,
    "svgp_pretrain_batch_size": 4096,
    "svgp_pretrain_lr": 0.1,
    "svgp_pretrain_eval_interval": 100,
    "svgp_num_steps": 50000,
    "svgp_batch_size": 256,
    "svgp_lr": 0.001,
    "svgp_eval_interval": 1000,
    "fit_rfgp": true,
    "num_random_features": 5000,
    "tdp_bias_correction": "normalize",
    "tmm_distribution": "Gaussian"
  },
  "data_shapes": {
    "train": [
      221270,
      1024
    ],
    "test": [
      38880,
      1024
    ]
  },
  "gp_hparams": {
    "outputscale": 0.8618618411118693,
    "noise": 0.13529870294700103,
    "mean": -5.963699496355369
  }
}