{
  "times": {
    "make_fps": 91.52726088650525,
    "fit_subset_gp": 141.4747134502977,
    "eval_subset_gp": {
      "0;5000": 412.6803808119148
    },
    "make_random_features_train": 2510.947532868013,
    "make_random_features_test": 404.48469741269946,
    "rfgp_predictions": 168.89330554008484
  },
  "metrics": {
    "eval_subset_gp": {
      "0;5000": {
        "R2": 0.6944023868217324,
        "avg_log_prob": -1.0903168599975515,
        "mae": 0.4665449800849895,
        "mse": 0.36029126013522367
      }
    },
    "rfgp": {
      "R2": 0.7034157125271991,
      "avg_log_prob": -1.1966368407920203,
      "mae": 0.45848841567468746,
      "mse": 0.34966479469049044
    }
  },
  "args": {
    "logfile": "results/regression/M5000/countTrue/KIT/rfgp-Rademacher-T_MM-2.log",
    "output_json": "results/regression/M5000/countTrue/KIT/rfgp-Rademacher-T_MM-2.json",
    "seed": 2,
    "num_jobs": 6,
    "dataset": "dockstring",
    "target": "KIT",
    "fp_dim": 1024,
    "binary_fps": false,
    "kernel": "T_MM",
    "num_exact_fit": 5000,
    "eval_rsgp": true,
    "rsgp_subset_sizes": [
      5000
    ],
    "fit_svgp": false,
    "svgp_num_inducing_points": 100,
    "svgp_inducing_init": "kmeans",
    "svgp_pretrain_num_steps": 100,
    "svgp_pretrain_batch_size": 4096,
    "svgp_pretrain_lr": 0.1,
    "svgp_pretrain_eval_interval": 100,
    "svgp_num_steps": 50000,
    "svgp_batch_size": 256,
    "svgp_lr": 0.001,
    "svgp_eval_interval": 1000,
    "fit_rfgp": true,
    "num_random_features": 5000,
    "tdp_bias_correction": "normalize",
    "tmm_distribution": "Rademacher"
  },
  "data_shapes": {
    "train": [
      221270,
      1024
    ],
    "test": [
      38880,
      1024
    ]
  },
  "gp_hparams": {
    "outputscale": 0.8085960382370158,
    "noise": 0.13357095881406073,
    "mean": -6.0461232142406764
  }
}