{
  "times": {
    "make_fps": 93.8080531116575,
    "fit_subset_gp": 61.94918968528509,
    "eval_subset_gp": {
      "0;5000": 87.98640236631036
    },
    "make_random_features_train": 823.855979975313,
    "make_random_features_test": 133.43885972350836,
    "rfgp_predictions": 133.15233864448965
  },
  "metrics": {
    "eval_subset_gp": {
      "0;5000": {
        "R2": 0.6992298586478429,
        "avg_log_prob": -1.076122413215052,
        "mae": 0.46286569424438556,
        "mse": 0.35459980237347055
      }
    },
    "rfgp": {
      "R2": 0.7130551752645131,
      "avg_log_prob": -1.0000953237023018,
      "mae": 0.44901350224230446,
      "mse": 0.33830013074389265
    }
  },
  "args": {
    "logfile": "results/regression/M5000/countTrue/KIT/rfgp-none-T_DP-5.log",
    "output_json": "results/regression/M5000/countTrue/KIT/rfgp-none-T_DP-5.json",
    "seed": 5,
    "num_jobs": 1,
    "dataset": "dockstring",
    "target": "KIT",
    "fp_dim": 1024,
    "binary_fps": false,
    "kernel": "T_DP",
    "num_exact_fit": 5000,
    "eval_rsgp": true,
    "rsgp_subset_sizes": [
      5000
    ],
    "fit_svgp": false,
    "svgp_num_inducing_points": 100,
    "svgp_inducing_init": "kmeans",
    "svgp_pretrain_num_steps": 100,
    "svgp_pretrain_batch_size": 4096,
    "svgp_pretrain_lr": 0.1,
    "svgp_pretrain_eval_interval": 100,
    "svgp_num_steps": 50000,
    "svgp_batch_size": 256,
    "svgp_lr": 0.001,
    "svgp_eval_interval": 1000,
    "fit_rfgp": true,
    "num_random_features": 5000,
    "tdp_bias_correction": "none",
    "tmm_distribution": "Rademacher"
  },
  "data_shapes": {
    "train": [
      221270,
      1024
    ],
    "test": [
      38880,
      1024
    ]
  },
  "gp_hparams": {
    "outputscale": 0.9629856077041983,
    "noise": 0.17547494829488847,
    "mean": -5.969126231219795
  }
}