{
  "times": {
    "make_fps": 81.6800122000277,
    "fit_subset_gp": 113.64454883523285,
    "eval_subset_gp": {
      "0;5000": 381.5747817866504
    },
    "init_inducing_points": 1295.4687964469194
  },
  "metrics": {
    "eval_subset_gp": {
      "0;5000": {
        "R2": 0.6944023868217324,
        "avg_log_prob": -1.0903168599975515,
        "mae": 0.4665449800849895,
        "mse": 0.36029126013522367
      }
    },
    "svgp": [
      {
        "n_opt_steps": 22,
        "train_time": 1513.4094616156071,
        "eval_time": 109.30314105935395,
        "metrics": {
          "R2": 0.7482668581742614,
          "avg_log_prob": -0.8423889222533263,
          "mae": 0.4199168677525308,
          "mse": 0.29678651591197774
        }
      }
    ]
  },
  "args": {
    "logfile": "results/regression/M5000/countTrue/KIT/svgp-T_MM-2.log",
    "output_json": "results/regression/M5000/countTrue/KIT/svgp-T_MM-2.json",
    "seed": 2,
    "num_jobs": 1,
    "dataset": "dockstring",
    "target": "KIT",
    "fp_dim": 1024,
    "binary_fps": false,
    "kernel": "T_MM",
    "num_exact_fit": 5000,
    "eval_rsgp": true,
    "rsgp_subset_sizes": [
      5000
    ],
    "fit_svgp": true,
    "svgp_num_inducing_points": 5000,
    "svgp_inducing_init": "kmeans",
    "svgp_pretrain_num_steps": 22,
    "svgp_pretrain_batch_size": 10000,
    "svgp_pretrain_lr": 0.1,
    "svgp_pretrain_eval_interval": 22,
    "svgp_num_steps": 0,
    "svgp_batch_size": 256,
    "svgp_lr": 0.001,
    "svgp_eval_interval": 1000,
    "fit_rfgp": false,
    "num_random_features": 1000,
    "tdp_bias_correction": "normalize",
    "tmm_distribution": "Rademacher"
  },
  "data_shapes": {
    "train": [
      221270,
      1024
    ],
    "test": [
      38880,
      1024
    ]
  },
  "gp_hparams": {
    "outputscale": 0.8085960382370158,
    "noise": 0.13357095881406073,
    "mean": -6.0461232142406764
  }
}