{
  "times": {
    "make_fps": 88.72690369188786,
    "fit_subset_gp": 99.83071262203157,
    "eval_subset_gp": {
      "0;5000": 125.86965214088559
    },
    "init_inducing_points": 1463.9306713361293
  },
  "metrics": {
    "eval_subset_gp": {
      "0;5000": {
        "R2": 0.696174333876769,
        "avg_log_prob": -1.077443479021549,
        "mae": 0.46469719175872715,
        "mse": 0.3582021828328443
      }
    },
    "svgp": [
      {
        "n_opt_steps": 22,
        "train_time": 1274.3444719780236,
        "eval_time": 68.67208655364811,
        "metrics": {
          "R2": 0.752694868318871,
          "avg_log_prob": -0.8067438096758718,
          "mae": 0.4155760361623136,
          "mse": 0.2915660125896487
        }
      }
    ]
  },
  "args": {
    "logfile": "results/regression/M5000/countTrue/KIT/svgp-T_DP-1.log",
    "output_json": "results/regression/M5000/countTrue/KIT/svgp-T_DP-1.json",
    "seed": 1,
    "num_jobs": 1,
    "dataset": "dockstring",
    "target": "KIT",
    "fp_dim": 1024,
    "binary_fps": false,
    "kernel": "T_DP",
    "num_exact_fit": 5000,
    "eval_rsgp": true,
    "rsgp_subset_sizes": [
      5000
    ],
    "fit_svgp": true,
    "svgp_num_inducing_points": 5000,
    "svgp_inducing_init": "kmeans",
    "svgp_pretrain_num_steps": 22,
    "svgp_pretrain_batch_size": 10000,
    "svgp_pretrain_lr": 0.1,
    "svgp_pretrain_eval_interval": 22,
    "svgp_num_steps": 0,
    "svgp_batch_size": 256,
    "svgp_lr": 0.001,
    "svgp_eval_interval": 1000,
    "fit_rfgp": false,
    "num_random_features": 1000,
    "tdp_bias_correction": "normalize",
    "tmm_distribution": "Rademacher"
  },
  "data_shapes": {
    "train": [
      221270,
      1024
    ],
    "test": [
      38880,
      1024
    ]
  },
  "gp_hparams": {
    "outputscale": 0.954725626505198,
    "noise": 0.18749244841105442,
    "mean": -5.8131933772873285
  }
}