{
  "times": {
    "make_fps": 107.54373180121183,
    "fit_subset_gp": 111.17004015669227,
    "eval_subset_gp": {
      "0;5000": 425.20879305899143
    },
    "init_inducing_points": 1671.8026212528348
  },
  "metrics": {
    "eval_subset_gp": {
      "0;5000": {
        "R2": 0.6968047433848525,
        "avg_log_prob": -1.0927718024665287,
        "mae": 0.4641608754706639,
        "mse": 0.3574589471978979
      }
    },
    "svgp": [
      {
        "n_opt_steps": 22,
        "train_time": 1527.726276487112,
        "eval_time": 99.17359147593379,
        "metrics": {
          "R2": 0.7492402264074326,
          "avg_log_prob": -0.8463072080173393,
          "mae": 0.4193776135274494,
          "mse": 0.2956389412838334
        }
      }
    ]
  },
  "args": {
    "logfile": "results/regression/M5000/countTrue/KIT/svgp-T_MM-4.log",
    "output_json": "results/regression/M5000/countTrue/KIT/svgp-T_MM-4.json",
    "seed": 4,
    "num_jobs": 1,
    "dataset": "dockstring",
    "target": "KIT",
    "fp_dim": 1024,
    "binary_fps": false,
    "kernel": "T_MM",
    "num_exact_fit": 5000,
    "eval_rsgp": true,
    "rsgp_subset_sizes": [
      5000
    ],
    "fit_svgp": true,
    "svgp_num_inducing_points": 5000,
    "svgp_inducing_init": "kmeans",
    "svgp_pretrain_num_steps": 22,
    "svgp_pretrain_batch_size": 10000,
    "svgp_pretrain_lr": 0.1,
    "svgp_pretrain_eval_interval": 22,
    "svgp_num_steps": 0,
    "svgp_batch_size": 256,
    "svgp_lr": 0.001,
    "svgp_eval_interval": 1000,
    "fit_rfgp": false,
    "num_random_features": 1000,
    "tdp_bias_correction": "normalize",
    "tmm_distribution": "Rademacher"
  },
  "data_shapes": {
    "train": [
      221270,
      1024
    ],
    "test": [
      38880,
      1024
    ]
  },
  "gp_hparams": {
    "outputscale": 0.8487580275811482,
    "noise": 0.1337348419181356,
    "mean": -6.10910691790528
  }
}