{
  "times": {
    "make_fps": 94.18641002476215,
    "fit_subset_gp": 50.16845059208572,
    "eval_subset_gp": {
      "0;5000": 95.20174252614379
    },
    "init_inducing_points": 906.072478633374
  },
  "metrics": {
    "eval_subset_gp": {
      "0;5000": {
        "R2": 0.6932868057489698,
        "avg_log_prob": -1.0765208556528703,
        "mae": 0.4669792301881426,
        "mse": 0.3616064998267528
      }
    },
    "svgp": [
      {
        "n_opt_steps": 22,
        "train_time": 687.141334367916,
        "eval_time": 35.68836740963161,
        "metrics": {
          "R2": 0.7539795337925395,
          "avg_log_prob": -0.8018528172950596,
          "mae": 0.4148239435361308,
          "mse": 0.2900514269960427
        }
      }
    ]
  },
  "args": {
    "logfile": "results/regression/M5000/countTrue/KIT/svgp-T_DP-3.log",
    "output_json": "results/regression/M5000/countTrue/KIT/svgp-T_DP-3.json",
    "seed": 3,
    "num_jobs": 1,
    "dataset": "dockstring",
    "target": "KIT",
    "fp_dim": 1024,
    "binary_fps": false,
    "kernel": "T_DP",
    "num_exact_fit": 5000,
    "eval_rsgp": true,
    "rsgp_subset_sizes": [
      5000
    ],
    "fit_svgp": true,
    "svgp_num_inducing_points": 5000,
    "svgp_inducing_init": "kmeans",
    "svgp_pretrain_num_steps": 22,
    "svgp_pretrain_batch_size": 10000,
    "svgp_pretrain_lr": 0.1,
    "svgp_pretrain_eval_interval": 22,
    "svgp_num_steps": 0,
    "svgp_batch_size": 256,
    "svgp_lr": 0.001,
    "svgp_eval_interval": 1000,
    "fit_rfgp": false,
    "num_random_features": 1000,
    "tdp_bias_correction": "normalize",
    "tmm_distribution": "Rademacher"
  },
  "data_shapes": {
    "train": [
      221270,
      1024
    ],
    "test": [
      38880,
      1024
    ]
  },
  "gp_hparams": {
    "outputscale": 0.9238398389049852,
    "noise": 0.17875197103111276,
    "mean": -5.92119210039349
  }
}