{
  "times": {
    "make_fps": 82.90456133708358,
    "fit_subset_gp": 144.8046076670289,
    "eval_subset_gp": {
      "0;5000": 389.53878406621516
    },
    "init_inducing_points": 1152.8871309626848
  },
  "metrics": {
    "eval_subset_gp": {
      "0;5000": {
        "R2": 0.6946307075687441,
        "avg_log_prob": -1.0952033561395997,
        "mae": 0.46595209816754674,
        "mse": 0.3600220761949423
      }
    },
    "svgp": [
      {
        "n_opt_steps": 22,
        "train_time": 1581.6923821624368,
        "eval_time": 101.33148691616952,
        "metrics": {
          "R2": 0.7496461213943375,
          "avg_log_prob": -0.8487008634518055,
          "mae": 0.4183944781341516,
          "mse": 0.2951604021526092
        }
      }
    ]
  },
  "args": {
    "logfile": "results/regression/M5000/countTrue/KIT/svgp-T_MM-1.log",
    "output_json": "results/regression/M5000/countTrue/KIT/svgp-T_MM-1.json",
    "seed": 1,
    "num_jobs": 1,
    "dataset": "dockstring",
    "target": "KIT",
    "fp_dim": 1024,
    "binary_fps": false,
    "kernel": "T_MM",
    "num_exact_fit": 5000,
    "eval_rsgp": true,
    "rsgp_subset_sizes": [
      5000
    ],
    "fit_svgp": true,
    "svgp_num_inducing_points": 5000,
    "svgp_inducing_init": "kmeans",
    "svgp_pretrain_num_steps": 22,
    "svgp_pretrain_batch_size": 10000,
    "svgp_pretrain_lr": 0.1,
    "svgp_pretrain_eval_interval": 22,
    "svgp_num_steps": 0,
    "svgp_batch_size": 256,
    "svgp_lr": 0.001,
    "svgp_eval_interval": 1000,
    "fit_rfgp": false,
    "num_random_features": 1000,
    "tdp_bias_correction": "normalize",
    "tmm_distribution": "Rademacher"
  },
  "data_shapes": {
    "train": [
      221270,
      1024
    ],
    "test": [
      38880,
      1024
    ]
  },
  "gp_hparams": {
    "outputscale": 0.8618618411118693,
    "noise": 0.13529870294700103,
    "mean": -5.963699496355369
  }
}