{
  "times": {
    "make_fps": 79.96175140328705,
    "fit_subset_gp": 174.47523226961493,
    "eval_subset_gp": {
      "0;5000": 514.8517362475395
    },
    "init_inducing_points": 1676.2016679160297
  },
  "metrics": {
    "eval_subset_gp": {
      "0;5000": {
        "R2": 0.6968674815565461,
        "avg_log_prob": -1.0966527710024576,
        "mae": 0.4640564553034727,
        "mse": 0.3573849806027306
      }
    },
    "svgp": [
      {
        "n_opt_steps": 22,
        "train_time": 1330.3055370356888,
        "eval_time": 101.328956162557,
        "metrics": {
          "R2": 0.7494386295718758,
          "avg_log_prob": -0.846508989627337,
          "mae": 0.4185798897256866,
          "mse": 0.2954050293583161
        }
      }
    ]
  },
  "args": {
    "logfile": "results/regression/M5000/countTrue/KIT/svgp-T_MM-5.log",
    "output_json": "results/regression/M5000/countTrue/KIT/svgp-T_MM-5.json",
    "seed": 5,
    "num_jobs": 1,
    "dataset": "dockstring",
    "target": "KIT",
    "fp_dim": 1024,
    "binary_fps": false,
    "kernel": "T_MM",
    "num_exact_fit": 5000,
    "eval_rsgp": true,
    "rsgp_subset_sizes": [
      5000
    ],
    "fit_svgp": true,
    "svgp_num_inducing_points": 5000,
    "svgp_inducing_init": "kmeans",
    "svgp_pretrain_num_steps": 22,
    "svgp_pretrain_batch_size": 10000,
    "svgp_pretrain_lr": 0.1,
    "svgp_pretrain_eval_interval": 22,
    "svgp_num_steps": 0,
    "svgp_batch_size": 256,
    "svgp_lr": 0.001,
    "svgp_eval_interval": 1000,
    "fit_rfgp": false,
    "num_random_features": 1000,
    "tdp_bias_correction": "normalize",
    "tmm_distribution": "Rademacher"
  },
  "data_shapes": {
    "train": [
      221270,
      1024
    ],
    "test": [
      38880,
      1024
    ]
  },
  "gp_hparams": {
    "outputscale": 0.8921976541375747,
    "noise": 0.11815215513369248,
    "mean": -6.053680776796759
  }
}